ColorBordes,C,512,25330,25330
ColorBordes,C,512,24004,24004
ColorBordes,C,512,23392,23392
ColorBordes,C,512,23256,23256
ColorBordes,C,512,22848,22848
ColorBordes,C,512,22984,22984
ColorBordes,C,512,22610,22610
ColorBordes,C,512,22950,22950
ColorBordes,C,512,22474,22474
ColorBordes,C,512,22644,22644
ColorBordes,C,512,22406,22406
ColorBordes,C,512,22610,22610
ColorBordes,C,512,22440,22440
ColorBordes,C,512,22610,22610
ColorBordes,C,512,22338,22338
ColorBordes,C,512,22542,22542
ColorBordes,C,512,22474,22474
ColorBordes,C,512,22338,22338
ColorBordes,C,512,22406,22406
ColorBordes,C,512,22338,22338
ColorBordes,C,512,22270,22270
ColorBordes,C,512,22338,22338
ColorBordes,C,512,22338,22338
ColorBordes,C,512,22542,22542
ColorBordes,C,512,22406,22406
ColorBordes,C,512,22440,22440
ColorBordes,C,512,22406,22406
ColorBordes,C,512,22440,22440
ColorBordes,C,512,22440,22440
ColorBordes,C,512,22508,22508
ColorBordes,C,512,22372,22372
ColorBordes,C,512,22508,22508
ColorBordes,C,512,22270,22270
ColorBordes,C,512,22474,22474
ColorBordes,C,512,22372,22372
ColorBordes,C,512,22372,22372
ColorBordes,C,512,22440,22440
ColorBordes,C,512,22338,22338
ColorBordes,C,512,22372,22372
ColorBordes,C,512,22440,22440
ColorBordes,C,512,22406,22406
ColorBordes,C,512,22508,22508
ColorBordes,C,512,22338,22338
ColorBordes,C,512,22610,22610
ColorBordes,C,512,22474,22474
ColorBordes,C,512,22474,22474
ColorBordes,C,512,22338,22338
ColorBordes,C,512,22440,22440
ColorBordes,C,512,22338,22338
ColorBordes,C,512,22474,22474
ColorBordes,C,512,24990,24990
ColorBordes,C,512,27948,27948
ColorBordes,C,512,28492,28492
ColorBordes,C,512,27540,27540
ColorBordes,C,512,34034,34034
ColorBordes,C,512,22508,22508
ColorBordes,C,512,22474,22474
ColorBordes,C,512,22406,22406
ColorBordes,C,512,22474,22474
ColorBordes,C,512,22474,22474
ColorBordes,C,512,22542,22542
ColorBordes,C,512,22372,22372
ColorBordes,C,512,22474,22474
ColorBordes,C,512,22542,22542
ColorBordes,C,512,22542,22542
ColorBordes,C,512,22474,22474
ColorBordes,C,512,22406,22406
ColorBordes,C,512,22372,22372
ColorBordes,C,512,22542,22542
ColorBordes,C,512,22440,22440
ColorBordes,C,512,22542,22542
ColorBordes,C,512,22474,22474
ColorBordes,C,512,22508,22508
ColorBordes,C,512,22542,22542
ColorBordes,C,512,22406,22406
ColorBordes,C,512,22576,22576
ColorBordes,C,512,22372,22372
ColorBordes,C,512,22508,22508
ColorBordes,C,512,22542,22542
ColorBordes,C,512,22542,22542
ColorBordes,C,512,22576,22576
ColorBordes,C,512,22576,22576
ColorBordes,C,512,22576,22576
ColorBordes,C,512,22440,22440
ColorBordes,C,512,22474,22474
ColorBordes,C,512,22406,22406
ColorBordes,C,512,22508,22508
ColorBordes,C,512,22338,22338
ColorBordes,C,512,22474,22474
ColorBordes,C,512,22474,22474
ColorBordes,C,512,22440,22440
ColorBordes,C,512,22508,22508
ColorBordes,C,512,22440,22440
ColorBordes,C,512,22508,22508
ColorBordes,C,512,22406,22406
ColorBordes,C,512,22508,22508
ColorBordes,C,512,22474,22474
ColorBordes,C,512,22406,22406
ColorBordes,C,512,22576,22576
ColorBordes,C,512,22406,22406
ColorBordes,C,512,22406,22406
ColorBordes,C,512,22440,22440
ColorBordes,C,512,22440,22440
ColorBordes,C,512,22508,22508
ColorBordes,C,512,22474,22474
ColorBordes,C,512,22508,22508
ColorBordes,C,512,22474,22474
ColorBordes,C,512,22576,22576
ColorBordes,C,512,22372,22372
ColorBordes,C,512,22474,22474
ColorBordes,C,512,22304,22304
ColorBordes,C,512,22474,22474
ColorBordes,C,512,22406,22406
ColorBordes,C,512,22576,22576
ColorBordes,C,512,22406,22406
ColorBordes,C,512,22542,22542
ColorBordes,C,512,22440,22440
ColorBordes,C,512,22474,22474
ColorBordes,C,512,22440,22440
ColorBordes,C,512,22440,22440
ColorBordes,C,512,22474,22474
ColorBordes,C,512,22644,22644
ColorBordes,C,512,22474,22474
ColorBordes,C,512,22576,22576
ColorBordes,C,512,22440,22440
ColorBordes,C,512,22474,22474
ColorBordes,C,512,22406,22406
ColorBordes,C,512,22508,22508
ColorBordes,C,512,22406,22406
ColorBordes,C,512,22576,22576
ColorBordes,C,512,22406,22406
ColorBordes,C,512,22406,22406
ColorBordes,C,512,22440,22440
ColorBordes,C,512,22678,22678
ColorBordes,C,512,22440,22440
ColorBordes,C,512,54570,54570
ColorBordes,C,512,22644,22644
ColorBordes,C,512,22474,22474
ColorBordes,C,512,22542,22542
ColorBordes,C,512,22542,22542
ColorBordes,C,512,22406,22406
ColorBordes,C,512,22406,22406
ColorBordes,C,512,22372,22372
ColorBordes,C,512,22644,22644
ColorBordes,C,512,22304,22304
ColorBordes,C,512,22712,22712
ColorBordes,C,512,22406,22406
ColorBordes,C,512,22610,22610
ColorBordes,C,512,22406,22406
ColorBordes,C,512,22542,22542
ColorBordes,C,512,22338,22338
ColorBordes,C,512,22508,22508
ColorBordes,C,512,22406,22406
ColorBordes,C,512,22678,22678
ColorBordes,C,512,22474,22474
ColorBordes,C,512,22678,22678
ColorBordes,C,512,22474,22474
ColorBordes,C,512,22474,22474
ColorBordes,C,512,22440,22440
ColorBordes,C,512,22474,22474
ColorBordes,C,512,22440,22440
ColorBordes,C,512,22576,22576
ColorBordes,C,512,22406,22406
ColorBordes,C,512,22576,22576
ColorBordes,C,512,22304,22304
ColorBordes,C,512,22508,22508
ColorBordes,C,512,22406,22406
ColorBordes,C,512,22678,22678
ColorBordes,C,512,22270,22270
ColorBordes,C,512,22440,22440
ColorBordes,C,512,22372,22372
ColorBordes,C,512,22678,22678
ColorBordes,C,512,22372,22372
ColorBordes,C,512,22508,22508
ColorBordes,C,512,22270,22270
ColorBordes,C,512,22474,22474
ColorBordes,C,512,22406,22406
ColorBordes,C,512,22576,22576
ColorBordes,C,512,22338,22338
ColorBordes,C,512,22712,22712
ColorBordes,C,512,22338,22338
ColorBordes,C,512,22678,22678
ColorBordes,C,512,22270,22270
ColorBordes,C,512,22610,22610
ColorBordes,C,512,22304,22304
ColorBordes,C,512,22474,22474
ColorBordes,C,512,22304,22304
ColorBordes,C,512,22508,22508
ColorBordes,C,512,22270,22270
ColorBordes,C,512,22746,22746
ColorBordes,C,512,22338,22338
ColorBordes,C,512,22610,22610
ColorBordes,C,512,22440,22440
ColorBordes,C,512,22610,22610
ColorBordes,C,512,22474,22474
ColorBordes,C,512,22644,22644
ColorBordes,C,512,22406,22406
ColorBordes,C,512,22644,22644
ColorBordes,C,512,22270,22270
ColorBordes,C,512,22712,22712
ColorBordes,C,512,22440,22440
ColorBordes,C,512,22542,22542
ColorBordes,C,512,22406,22406
ColorBordes,C,512,22780,22780
ColorBordes,C,512,22304,22304
ColorBordes,C,512,22746,22746
ColorBordes,C,512,22440,22440
ColorBordes,C,512,22610,22610
ColorBordes,C,512,22372,22372
ColorBordes,C,512,33524,33524
ColorBordes,C,512,39610,39610
ColorBordes,C,512,29818,29818
ColorBordes,C,512,34102,34102
ColorBordes,C,512,28764,28764
ColorBordes,C,512,27880,27880
ColorBordes,C,512,32572,32572
ColorBordes,C,512,32130,32130
ColorBordes,C,512,33388,33388
ColorBordes,C,512,30804,30804
ColorBordes,C,512,22712,22712
ColorBordes,C,512,22474,22474
ColorBordes,C,512,22814,22814
ColorBordes,C,512,22508,22508
ColorBordes,C,512,22848,22848
ColorBordes,C,512,22610,22610
ColorBordes,C,512,22644,22644
ColorBordes,C,512,22610,22610
ColorBordes,C,512,22610,22610
ColorBordes,C,512,22508,22508
ColorBordes,C,512,22576,22576
ColorBordes,C,512,22406,22406
ColorBordes,C,512,22644,22644
ColorBordes,C,512,22610,22610
ColorBordes,C,512,22610,22610
ColorBordes,C,512,22610,22610
ColorBordes,C,512,22746,22746
ColorBordes,C,512,22576,22576
ColorBordes,C,512,22712,22712
ColorBordes,C,512,22508,22508
ColorBordes,C,512,22678,22678
ColorBordes,C,512,22440,22440
ColorBordes,C,512,22746,22746
ColorBordes,C,512,22406,22406
ColorBordes,C,512,22678,22678
ColorBordes,C,512,22508,22508
ColorBordes,C,512,22508,22508
ColorBordes,C,512,22576,22576
ColorBordes,C,512,22712,22712
ColorBordes,C,512,22474,22474
ColorBordes,C,512,22814,22814
ColorBordes,C,512,22474,22474
ColorBordes,C,512,22678,22678
ColorBordes,C,512,22508,22508
ColorBordes,C,512,22508,22508
ColorBordes,C,512,22644,22644
ColorBordes,C,512,22678,22678
ColorBordes,C,512,22508,22508
ColorBordes,C,512,22780,22780
ColorBordes,C,512,22610,22610
ColorBordes,C,512,22678,22678
ColorBordes,C,512,22474,22474
ColorBordes,C,512,22644,22644
ColorBordes,C,512,22610,22610
ColorBordes,C,512,22882,22882
ColorBordes,C,512,22474,22474
ColorBordes,C,512,22576,22576
ColorBordes,C,512,22542,22542
ColorBordes,C,512,22712,22712
ColorBordes,C,512,22406,22406
ColorBordes,C,512,22576,22576
ColorBordes,C,512,22440,22440
ColorBordes,C,512,22712,22712
ColorBordes,C,512,22610,22610
ColorBordes,C,512,22644,22644
ColorBordes,C,512,22576,22576
ColorBordes,C,512,22372,22372
ColorBordes,C,512,22406,22406
ColorBordes,C,512,22406,22406
ColorBordes,C,512,22508,22508
ColorBordes,C,512,22576,22576
ColorBordes,C,512,22576,22576
ColorBordes,C,512,22372,22372
ColorBordes,C,512,22474,22474
ColorBordes,C,512,22542,22542
ColorBordes,C,512,22542,22542
ColorBordes,C,512,22440,22440
ColorBordes,C,512,22576,22576
ColorBordes,C,512,22474,22474
ColorBordes,C,512,22542,22542
ColorBordes,C,512,22372,22372
ColorBordes,C,512,22474,22474
ColorBordes,C,512,22304,22304
ColorBordes,C,512,22474,22474
ColorBordes,C,512,22440,22440
ColorBordes,C,512,22406,22406
ColorBordes,C,512,22338,22338
ColorBordes,C,512,22406,22406
ColorBordes,C,512,22508,22508
ColorBordes,C,512,22406,22406
ColorBordes,C,512,22440,22440
ColorBordes,C,2048,100504,100504
ColorBordes,C,2048,98804,98804
ColorBordes,C,2048,98260,98260
ColorBordes,C,2048,97342,97342
ColorBordes,C,2048,97750,97750
ColorBordes,C,2048,97444,97444
ColorBordes,C,2048,97206,97206
ColorBordes,C,2048,112540,112540
ColorBordes,C,2048,120836,120836
ColorBordes,C,2048,117096,117096
ColorBordes,C,2048,113492,113492
ColorBordes,C,2048,113288,113288
ColorBordes,C,2048,113560,113560
ColorBordes,C,2048,122604,122604
ColorBordes,C,2048,119544,119544
ColorBordes,C,2048,97682,97682
ColorBordes,C,2048,112438,112438
ColorBordes,C,2048,111146,111146
ColorBordes,C,2048,97954,97954
ColorBordes,C,2048,97240,97240
ColorBordes,C,2048,97716,97716
ColorBordes,C,2048,97410,97410
ColorBordes,C,2048,97852,97852
ColorBordes,C,2048,96968,96968
ColorBordes,C,2048,97920,97920
ColorBordes,C,2048,97104,97104
ColorBordes,C,2048,97852,97852
ColorBordes,C,2048,97274,97274
ColorBordes,C,2048,97512,97512
ColorBordes,C,2048,97172,97172
ColorBordes,C,2048,97716,97716
ColorBordes,C,2048,97342,97342
ColorBordes,C,2048,97478,97478
ColorBordes,C,2048,97172,97172
ColorBordes,C,2048,97716,97716
ColorBordes,C,2048,97478,97478
ColorBordes,C,2048,97444,97444
ColorBordes,C,2048,97240,97240
ColorBordes,C,2048,97954,97954
ColorBordes,C,2048,97444,97444
ColorBordes,C,2048,97478,97478
ColorBordes,C,2048,97444,97444
ColorBordes,C,2048,97784,97784
ColorBordes,C,2048,97614,97614
ColorBordes,C,2048,97648,97648
ColorBordes,C,2048,97308,97308
ColorBordes,C,2048,97648,97648
ColorBordes,C,2048,97376,97376
ColorBordes,C,2048,97444,97444
ColorBordes,C,2048,97376,97376
ColorBordes,C,2048,97104,97104
ColorBordes,C,2048,96900,96900
ColorBordes,C,2048,97444,97444
ColorBordes,C,2048,97274,97274
ColorBordes,C,2048,97478,97478
ColorBordes,C,2048,97172,97172
ColorBordes,C,2048,97444,97444
ColorBordes,C,2048,97070,97070
ColorBordes,C,2048,97444,97444
ColorBordes,C,2048,97240,97240
ColorBordes,C,2048,97410,97410
ColorBordes,C,2048,97274,97274
ColorBordes,C,2048,97648,97648
ColorBordes,C,2048,97274,97274
ColorBordes,C,2048,97138,97138
ColorBordes,C,2048,97444,97444
ColorBordes,C,2048,97308,97308
ColorBordes,C,2048,97444,97444
ColorBordes,C,2048,97376,97376
ColorBordes,C,2048,97410,97410
ColorBordes,C,2048,97240,97240
ColorBordes,C,2048,97104,97104
ColorBordes,C,2048,97308,97308
ColorBordes,C,2048,105638,105638
ColorBordes,C,2048,97206,97206
ColorBordes,C,2048,96900,96900
ColorBordes,C,2048,97138,97138
ColorBordes,C,2048,97206,97206
ColorBordes,C,2048,97342,97342
ColorBordes,C,2048,97104,97104
ColorBordes,C,2048,97308,97308
ColorBordes,C,2048,97070,97070
ColorBordes,C,2048,97240,97240
ColorBordes,C,2048,139128,139128
ColorBordes,C,2048,114104,114104
ColorBordes,C,2048,104346,104346
ColorBordes,C,2048,105570,105570
ColorBordes,C,2048,105128,105128
ColorBordes,C,2048,104958,104958
ColorBordes,C,2048,130458,130458
ColorBordes,C,2048,105638,105638
ColorBordes,C,2048,105060,105060
ColorBordes,C,2048,105094,105094
ColorBordes,C,2048,105162,105162
ColorBordes,C,2048,105060,105060
ColorBordes,C,2048,104958,104958
ColorBordes,C,2048,104516,104516
ColorBordes,C,2048,139298,139298
ColorBordes,C,2048,97342,97342
ColorBordes,C,2048,96764,96764
ColorBordes,C,2048,97308,97308
ColorBordes,C,2048,96866,96866
ColorBordes,C,2048,97784,97784
ColorBordes,C,2048,97104,97104
ColorBordes,C,2048,97206,97206
ColorBordes,C,2048,97308,97308
ColorBordes,C,2048,97614,97614
ColorBordes,C,2048,96934,96934
ColorBordes,C,2048,97512,97512
ColorBordes,C,2048,97274,97274
ColorBordes,C,2048,97410,97410
ColorBordes,C,2048,96866,96866
ColorBordes,C,2048,97376,97376
ColorBordes,C,2048,96900,96900
ColorBordes,C,2048,97308,97308
ColorBordes,C,2048,99246,99246
ColorBordes,C,2048,111010,111010
ColorBordes,C,2048,108664,108664
ColorBordes,C,2048,97274,97274
ColorBordes,C,2048,97376,97376
ColorBordes,C,2048,97376,97376
ColorBordes,C,2048,97308,97308
ColorBordes,C,2048,97784,97784
ColorBordes,C,2048,97240,97240
ColorBordes,C,2048,97478,97478
ColorBordes,C,2048,97240,97240
ColorBordes,C,2048,97852,97852
ColorBordes,C,2048,97240,97240
ColorBordes,C,2048,97614,97614
ColorBordes,C,2048,97546,97546
ColorBordes,C,2048,97648,97648
ColorBordes,C,2048,97274,97274
ColorBordes,C,2048,97784,97784
ColorBordes,C,2048,96934,96934
ColorBordes,C,2048,97750,97750
ColorBordes,C,2048,97172,97172
ColorBordes,C,2048,97308,97308
ColorBordes,C,2048,96798,96798
ColorBordes,C,2048,97580,97580
ColorBordes,C,2048,97002,97002
ColorBordes,C,2048,97274,97274
ColorBordes,C,2048,97002,97002
ColorBordes,C,2048,97070,97070
ColorBordes,C,2048,97138,97138
ColorBordes,C,2048,97648,97648
ColorBordes,C,2048,96866,96866
ColorBordes,C,2048,97614,97614
ColorBordes,C,2048,114648,114648
ColorBordes,C,2048,97750,97750
ColorBordes,C,2048,97172,97172
ColorBordes,C,2048,97478,97478
ColorBordes,C,2048,97512,97512
ColorBordes,C,2048,97886,97886
ColorBordes,C,2048,97070,97070
ColorBordes,C,2048,97682,97682
ColorBordes,C,2048,97138,97138
ColorBordes,C,2048,97444,97444
ColorBordes,C,2048,97206,97206
ColorBordes,C,2048,97648,97648
ColorBordes,C,2048,97138,97138
ColorBordes,C,2048,97376,97376
ColorBordes,C,2048,97342,97342
ColorBordes,C,2048,97240,97240
ColorBordes,C,2048,97308,97308
ColorBordes,C,2048,97614,97614
ColorBordes,C,2048,97240,97240
ColorBordes,C,2048,97716,97716
ColorBordes,C,2048,97546,97546
ColorBordes,C,2048,97444,97444
ColorBordes,C,2048,97308,97308
ColorBordes,C,2048,97546,97546
ColorBordes,C,2048,97036,97036
ColorBordes,C,2048,97342,97342
ColorBordes,C,2048,97342,97342
ColorBordes,C,2048,97546,97546
ColorBordes,C,2048,97036,97036
ColorBordes,C,2048,97716,97716
ColorBordes,C,2048,97172,97172
ColorBordes,C,2048,97648,97648
ColorBordes,C,2048,97104,97104
ColorBordes,C,2048,97342,97342
ColorBordes,C,2048,97206,97206
ColorBordes,C,2048,97682,97682
ColorBordes,C,2048,97580,97580
ColorBordes,C,2048,97478,97478
ColorBordes,C,2048,97240,97240
ColorBordes,C,2048,97512,97512
ColorBordes,C,2048,97036,97036
ColorBordes,C,2048,97784,97784
ColorBordes,C,2048,97308,97308
ColorBordes,C,2048,97614,97614
ColorBordes,C,2048,97104,97104
ColorBordes,C,2048,97410,97410
ColorBordes,C,2048,97444,97444
ColorBordes,C,2048,97784,97784
ColorBordes,C,2048,97206,97206
ColorBordes,C,2048,97512,97512
ColorBordes,C,2048,97444,97444
ColorBordes,C,2048,97580,97580
ColorBordes,C,2048,104380,104380
ColorBordes,C,2048,105162,105162
ColorBordes,C,2048,104788,104788
ColorBordes,C,2048,109208,109208
ColorBordes,C,2048,120734,120734
ColorBordes,C,2048,116586,116586
ColorBordes,C,2048,113730,113730
ColorBordes,C,2048,125562,125562
ColorBordes,C,2048,115736,115736
ColorBordes,C,2048,129302,129302
ColorBordes,C,2048,127772,127772
ColorBordes,C,2048,122230,122230
ColorBordes,C,2048,155924,155924
ColorBordes,C,2048,172414,172414
ColorBordes,C,2048,166566,166566
ColorBordes,C,2048,97852,97852
ColorBordes,C,2048,97104,97104
ColorBordes,C,2048,97614,97614
ColorBordes,C,2048,97274,97274
ColorBordes,C,2048,97852,97852
ColorBordes,C,2048,97070,97070
ColorBordes,C,2048,97376,97376
ColorBordes,C,2048,97376,97376
ColorBordes,C,2048,127840,127840
ColorBordes,C,2048,162588,162588
ColorBordes,C,2048,97716,97716
ColorBordes,C,2048,97376,97376
ColorBordes,C,2048,97410,97410
ColorBordes,C,2048,133586,133586
ColorBordes,C,2048,140216,140216
ColorBordes,C,2048,144840,144840
ColorBordes,C,2048,149362,149362
ColorBordes,C,2048,144330,144330
ColorBordes,C,2048,126310,126310
ColorBordes,C,2048,136408,136408
ColorBordes,C,2048,139876,139876
ColorBordes,C,2048,156434,156434
ColorBordes,C,2048,154258,154258
ColorBordes,C,2048,173502,173502
ColorBordes,C,2048,188020,188020
ColorBordes,C,2048,164356,164356
ColorBordes,C,2048,165376,165376
ColorBordes,C,2048,164526,164526
ColorBordes,C,2048,158848,158848
ColorBordes,C,2048,143786,143786
ColorBordes,C,2048,161092,161092
ColorBordes,C,2048,165206,165206
ColorBordes,C,2048,141202,141202
ColorBordes,C,2048,97886,97886
ColorBordes,C,2048,98056,98056
ColorBordes,C,2048,97580,97580
ColorBordes,C,2048,98192,98192
ColorBordes,C,2048,97818,97818
ColorBordes,C,2048,97852,97852
ColorBordes,C,2048,97988,97988
ColorBordes,C,2048,97886,97886
ColorBordes,C,2048,111588,111588
ColorBordes,C,2048,107950,107950
ColorBordes,C,2048,99212,99212
ColorBordes,C,2048,98498,98498
ColorBordes,C,2048,97682,97682
ColorBordes,C,2048,98022,98022
ColorBordes,C,2048,97784,97784
ColorBordes,C,2048,98090,98090
ColorBordes,C,2048,97988,97988
ColorBordes,C,2048,130492,130492
ColorBordes,C,2048,133348,133348
ColorBordes,C,2048,118592,118592
ColorBordes,C,2048,126888,126888
ColorBordes,C,2048,136782,136782
ColorBordes,C,2048,170680,170680
ColorBordes,C,2048,149260,149260
ColorBordes,C,2048,106182,106182
ColorBordes,C,2048,105808,105808
ColorBordes,C,2048,104992,104992
ColorBordes,C,2048,106012,106012
ColorBordes,C,2048,105774,105774
ColorBordes,C,2048,105910,105910
ColorBordes,C,2048,132464,132464
ColorBordes,C,2048,106114,106114
ColorBordes,C,2048,104992,104992
ColorBordes,C,2048,133348,133348
ColorBordes,C,2048,105604,105604
ColorBordes,C,2048,105876,105876
ColorBordes,C,2048,105944,105944
ColorBordes,C,2048,105774,105774
ColorBordes,C,2048,105978,105978
ColorBordes,C,2048,106114,106114
ColorBordes,C,2048,105536,105536
ColorBordes,C,2048,106182,106182
ColorBordes,C,2048,105400,105400
ColorBordes,C,2048,106318,106318
ColorBordes,C,2048,105842,105842
ColorBordes,C,2048,105910,105910
ColorBordes,C,2048,105162,105162
ColorBordes,C,2048,105638,105638
ColorBordes,C,2048,105196,105196
ColorBordes,C,2048,105672,105672
ColorBordes,C,2048,105706,105706
ColorBordes,C,2048,105502,105502
ColorBordes,C,2048,105774,105774
ColorBordes,C,8192,415344,415344
ColorBordes,C,8192,413168,413168
ColorBordes,C,8192,412386,412386
ColorBordes,C,8192,433806,433806
ColorBordes,C,8192,473586,473586
ColorBordes,C,8192,655248,655248
ColorBordes,C,8192,461686,461686
ColorBordes,C,8192,442612,442612
ColorBordes,C,8192,408748,408748
ColorBordes,C,8192,410448,410448
ColorBordes,C,8192,415480,415480
ColorBordes,C,8192,411536,411536
ColorBordes,C,8192,411910,411910
ColorBordes,C,8192,412182,412182
ColorBordes,C,8192,411536,411536
ColorBordes,C,8192,411332,411332
ColorBordes,C,8192,410924,410924
ColorBordes,C,8192,412182,412182
ColorBordes,C,8192,411434,411434
ColorBordes,C,8192,412216,412216
ColorBordes,C,8192,432208,432208
ColorBordes,C,8192,424252,424252
ColorBordes,C,8192,448154,448154
ColorBordes,C,8192,411094,411094
ColorBordes,C,8192,411604,411604
ColorBordes,C,8192,411774,411774
ColorBordes,C,8192,410958,410958
ColorBordes,C,8192,411366,411366
ColorBordes,C,8192,411842,411842
ColorBordes,C,8192,411196,411196
ColorBordes,C,8192,483956,483956
ColorBordes,C,8192,442068,442068
ColorBordes,C,8192,442748,442748
ColorBordes,C,8192,410142,410142
ColorBordes,C,8192,488546,488546
ColorBordes,C,8192,438532,438532
ColorBordes,C,8192,410924,410924
ColorBordes,C,8192,412148,412148
ColorBordes,C,8192,410448,410448
ColorBordes,C,8192,412216,412216
ColorBordes,C,8192,410686,410686
ColorBordes,C,8192,412182,412182
ColorBordes,C,8192,410142,410142
ColorBordes,C,8192,454444,454444
ColorBordes,C,8192,430100,430100
ColorBordes,C,8192,411502,411502
ColorBordes,C,8192,411400,411400
ColorBordes,C,8192,412080,412080
ColorBordes,C,8192,412046,412046
ColorBordes,C,8192,411230,411230
ColorBordes,C,8192,412012,412012
ColorBordes,C,8192,411434,411434
ColorBordes,C,8192,734060,734060
ColorBordes,C,8192,609960,609960
ColorBordes,C,8192,443632,443632
ColorBordes,C,8192,442816,442816
ColorBordes,C,8192,460020,460020
ColorBordes,C,8192,410210,410210
ColorBordes,C,8192,409224,409224
ColorBordes,C,8192,410074,410074
ColorBordes,C,8192,408612,408612
ColorBordes,C,8192,409734,409734
ColorBordes,C,8192,408952,408952
ColorBordes,C,8192,410550,410550
ColorBordes,C,8192,408544,408544
ColorBordes,C,8192,410006,410006
ColorBordes,C,8192,408408,408408
ColorBordes,C,8192,410176,410176
ColorBordes,C,8192,421328,421328
ColorBordes,C,8192,445434,445434
ColorBordes,C,8192,411094,411094
ColorBordes,C,8192,412454,412454
ColorBordes,C,8192,412046,412046
ColorBordes,C,8192,411944,411944
ColorBordes,C,8192,410448,410448
ColorBordes,C,8192,411468,411468
ColorBordes,C,8192,411706,411706
ColorBordes,C,8192,411196,411196
ColorBordes,C,8192,411434,411434
ColorBordes,C,8192,411536,411536
ColorBordes,C,8192,409904,409904
ColorBordes,C,8192,429828,429828
ColorBordes,C,8192,621826,621826
ColorBordes,C,8192,444210,444210
ColorBordes,C,8192,442850,442850
ColorBordes,C,8192,442408,442408
ColorBordes,C,8192,443802,443802
ColorBordes,C,8192,442714,442714
ColorBordes,C,8192,444210,444210
ColorBordes,C,8192,443224,443224
ColorBordes,C,8192,444516,444516
ColorBordes,C,8192,442476,442476
ColorBordes,C,8192,443938,443938
ColorBordes,C,8192,443734,443734
ColorBordes,C,8192,444176,444176
ColorBordes,C,8192,443904,443904
ColorBordes,C,8192,444754,444754
ColorBordes,C,8192,443496,443496
ColorBordes,C,8192,444754,444754
ColorBordes,C,8192,443768,443768
ColorBordes,C,8192,456688,456688
ColorBordes,C,8192,442340,442340
ColorBordes,C,8192,508164,508164
ColorBordes,C,8192,442850,442850
ColorBordes,C,8192,523362,523362
ColorBordes,C,8192,664258,664258
ColorBordes,C,8192,416160,416160
ColorBordes,C,8192,411162,411162
ColorBordes,C,8192,503268,503268
ColorBordes,C,8192,411774,411774
ColorBordes,C,8192,412148,412148
ColorBordes,C,8192,410856,410856
ColorBordes,C,8192,443156,443156
ColorBordes,C,8192,441898,441898
ColorBordes,C,8192,443428,443428
ColorBordes,C,8192,454682,454682
ColorBordes,C,8192,410414,410414
ColorBordes,C,8192,410890,410890
ColorBordes,C,8192,408816,408816
ColorBordes,C,8192,410482,410482
ColorBordes,C,8192,409700,409700
ColorBordes,C,8192,410380,410380
ColorBordes,C,8192,408204,408204
ColorBordes,C,8192,410584,410584
ColorBordes,C,8192,409564,409564
ColorBordes,C,8192,453900,453900
ColorBordes,C,8192,443360,443360
ColorBordes,C,8192,453662,453662
ColorBordes,C,8192,409666,409666
ColorBordes,C,8192,410584,410584
ColorBordes,C,8192,446046,446046
ColorBordes,C,8192,412080,412080
ColorBordes,C,8192,411536,411536
ColorBordes,C,8192,411842,411842
ColorBordes,C,8192,412386,412386
ColorBordes,C,8192,412420,412420
ColorBordes,C,8192,411332,411332
ColorBordes,C,8192,410856,410856
ColorBordes,C,8192,411570,411570
ColorBordes,C,8192,411638,411638
ColorBordes,C,8192,439280,439280
ColorBordes,C,8192,411060,411060
ColorBordes,C,8192,614890,614890
ColorBordes,C,8192,412318,412318
ColorBordes,C,8192,410890,410890
ColorBordes,C,8192,411196,411196
ColorBordes,C,8192,411434,411434
ColorBordes,C,8192,411774,411774
ColorBordes,C,8192,410550,410550
ColorBordes,C,8192,412556,412556
ColorBordes,C,8192,412250,412250
ColorBordes,C,8192,412216,412216
ColorBordes,C,8192,441694,441694
ColorBordes,C,8192,440878,440878
ColorBordes,C,8192,441762,441762
ColorBordes,C,8192,441354,441354
ColorBordes,C,8192,442136,442136
ColorBordes,C,8192,441660,441660
ColorBordes,C,8192,455770,455770
ColorBordes,C,8192,411060,411060
ColorBordes,C,8192,410618,410618
ColorBordes,C,8192,433602,433602
ColorBordes,C,8192,406198,406198
ColorBordes,C,8192,406266,406266
ColorBordes,C,8192,406402,406402
ColorBordes,C,8192,405790,405790
ColorBordes,C,8192,406538,406538
ColorBordes,C,8192,406096,406096
ColorBordes,C,8192,404872,404872
ColorBordes,C,8192,406028,406028
ColorBordes,C,8192,405212,405212
ColorBordes,C,8192,406130,406130
ColorBordes,C,8192,405552,405552
ColorBordes,C,8192,406470,406470
ColorBordes,C,8192,708152,708152
ColorBordes,C,8192,649740,649740
ColorBordes,C,8192,467908,467908
ColorBordes,C,8192,406130,406130
ColorBordes,C,8192,403274,403274
ColorBordes,C,8192,404838,404838
ColorBordes,C,8192,403512,403512
ColorBordes,C,8192,405586,405586
ColorBordes,C,8192,403376,403376
ColorBordes,C,8192,405076,405076
ColorBordes,C,8192,403274,403274
ColorBordes,C,8192,405484,405484
ColorBordes,C,8192,403784,403784
ColorBordes,C,8192,405790,405790
ColorBordes,C,8192,403818,403818
ColorBordes,C,8192,435472,435472
ColorBordes,C,8192,406538,406538
ColorBordes,C,8192,405926,405926
ColorBordes,C,8192,405586,405586
ColorBordes,C,8192,440300,440300
ColorBordes,C,8192,406096,406096
ColorBordes,C,8192,405994,405994
ColorBordes,C,8192,405688,405688
ColorBordes,C,8192,406300,406300
ColorBordes,C,8192,631924,631924
ColorBordes,C,8192,405722,405722
ColorBordes,C,8192,405382,405382
ColorBordes,C,8192,432208,432208
ColorBordes,C,8192,406504,406504
ColorBordes,C,8192,405654,405654
ColorBordes,C,8192,417622,417622
ColorBordes,C,8192,405790,405790
ColorBordes,C,8192,606492,606492
ColorBordes,C,8192,434248,434248
ColorBordes,C,8192,406232,406232
ColorBordes,C,8192,405892,405892
ColorBordes,C,8192,405620,405620
ColorBordes,C,8192,406028,406028
ColorBordes,C,8192,405926,405926
ColorBordes,C,8192,405620,405620
ColorBordes,C,8192,406028,406028
ColorBordes,C,8192,405552,405552
ColorBordes,C,8192,404872,404872
ColorBordes,C,8192,406164,406164
ColorBordes,C,8192,405824,405824
ColorBordes,C,8192,406130,406130
ColorBordes,C,8192,405518,405518
ColorBordes,C,8192,406946,406946
ColorBordes,C,8192,406096,406096
ColorBordes,C,8192,454954,454954
ColorBordes,C,8192,406368,406368
ColorBordes,C,8192,406266,406266
ColorBordes,C,8192,423062,423062
ColorBordes,C,8192,407014,407014
ColorBordes,C,8192,406334,406334
ColorBordes,C,8192,612918,612918
ColorBordes,C,8192,405722,405722
ColorBordes,C,8192,406436,406436
ColorBordes,C,8192,406912,406912
ColorBordes,C,8192,406538,406538
ColorBordes,C,8192,405688,405688
ColorBordes,C,8192,406470,406470
ColorBordes,C,8192,405926,405926
ColorBordes,C,8192,406334,406334
ColorBordes,C,8192,405586,405586
ColorBordes,C,8192,423708,423708
ColorBordes,C,8192,406946,406946
ColorBordes,C,8192,405926,405926
ColorBordes,C,8192,405416,405416
ColorBordes,C,8192,405892,405892
ColorBordes,C,8192,405926,405926
ColorBordes,C,8192,406504,406504
ColorBordes,C,8192,405790,405790
ColorBordes,C,8192,405314,405314
ColorBordes,C,8192,405246,405246
ColorBordes,C,8192,418370,418370
ColorBordes,C,8192,404736,404736
ColorBordes,C,8192,405552,405552
ColorBordes,C,8192,406402,406402
ColorBordes,C,8192,406674,406674
ColorBordes,C,8192,405688,405688
ColorBordes,C,8192,405926,405926
ColorBordes,C,8192,406096,406096
ColorBordes,C,8192,406198,406198
ColorBordes,C,8192,406334,406334
ColorBordes,C,8192,405756,405756
ColorBordes,C,8192,405960,405960
ColorBordes,C,8192,406436,406436
ColorBordes,C,8192,405688,405688
ColorBordes,C,8192,406130,406130
ColorBordes,C,8192,423028,423028
ColorBordes,C,8192,406130,406130
ColorBordes,C,8192,405586,405586
ColorBordes,C,8192,406164,406164
ColorBordes,C,8192,405382,405382
ColorBordes,C,8192,406538,406538
ColorBordes,C,8192,405688,405688
ColorBordes,C,8192,406334,406334
ColorBordes,C,8192,406844,406844
ColorBordes,C,8192,406640,406640
ColorBordes,C,8192,406130,406130
ColorBordes,C,8192,406334,406334
ColorBordes,C,8192,406640,406640
ColorBordes,C,8192,418846,418846
ColorBordes,C,8192,405484,405484
ColorBordes,C,8192,406776,406776
ColorBordes,C,8192,405824,405824
ColorBordes,C,8192,405960,405960
ColorBordes,C,8192,405450,405450
ColorBordes,C,8192,406164,406164
ColorBordes,C,8192,405654,405654
ColorBordes,C,8192,406300,406300
ColorBordes,C,8192,405824,405824
ColorBordes,C,8192,406470,406470
ColorBordes,C,8192,405212,405212
ColorBordes,C,8192,405246,405246
ColorBordes,C,8192,413916,413916
ColorBordes,C,8192,405620,405620
ColorBordes,C,8192,406062,406062
ColorBordes,C,8192,405620,405620
ColorBordes,C,8192,637500,637500
ColorBordes,C,8192,407116,407116
ColorBordes,C,8192,406164,406164
ColorBordes,C,8192,407082,407082
ColorBordes,C,8192,406028,406028
ColorBordes,C,8192,493408,493408
ColorBordes,C,32768,1756508,1756508
ColorBordes,C,32768,1729648,1729648
ColorBordes,C,32768,1838992,1838992
ColorBordes,C,32768,1983152,1983152
ColorBordes,C,32768,1733762,1733762
ColorBordes,C,32768,1715572,1715572
ColorBordes,C,32768,1714722,1714722
ColorBordes,C,32768,1727064,1727064
ColorBordes,C,32768,1643866,1643866
ColorBordes,C,32768,1954762,1954762
ColorBordes,C,32768,1687590,1687590
ColorBordes,C,32768,1824474,1824474
ColorBordes,C,32768,1591438,1591438
ColorBordes,C,32768,1708228,1708228
ColorBordes,C,32768,2242164,2242164
ColorBordes,C,32768,2498388,2498388
ColorBordes,C,32768,2398224,2398224
ColorBordes,C,32768,1926406,1926406
ColorBordes,C,32768,1754434,1754434
ColorBordes,C,32768,1716524,1716524
ColorBordes,C,32768,1714144,1714144
ColorBordes,C,32768,1813696,1813696
ColorBordes,C,32768,1809786,1809786
ColorBordes,C,32768,1733184,1733184
ColorBordes,C,32768,1794112,1794112
ColorBordes,C,32768,3324316,3324316
ColorBordes,C,32768,1787992,1787992
ColorBordes,C,32768,1724990,1724990
ColorBordes,C,32768,1779186,1779186
ColorBordes,C,32768,1757766,1757766
ColorBordes,C,32768,1715742,1715742
ColorBordes,C,32768,1718258,1718258
ColorBordes,C,32768,1729104,1729104
ColorBordes,C,32768,1738964,1738964
ColorBordes,C,32768,1717374,1717374
ColorBordes,C,32768,1732062,1732062
ColorBordes,C,32768,3617872,3617872
ColorBordes,C,32768,2819144,2819144
ColorBordes,C,32768,3084718,3084718
ColorBordes,C,32768,3847542,3847542
ColorBordes,C,32768,2173926,2173926
ColorBordes,C,32768,1729376,1729376
ColorBordes,C,32768,2486556,2486556
ColorBordes,C,32768,1738930,1738930
ColorBordes,C,32768,1712206,1712206
ColorBordes,C,32768,1713022,1713022
ColorBordes,C,32768,1732266,1732266
ColorBordes,C,32768,1986518,1986518
ColorBordes,C,32768,1738624,1738624
ColorBordes,C,32768,1740358,1740358
ColorBordes,C,32768,1712750,1712750
ColorBordes,C,32768,2092530,2092530
ColorBordes,C,32768,1730090,1730090
ColorBordes,C,32768,1715742,1715742
ColorBordes,C,32768,2891972,2891972
ColorBordes,C,32768,1728628,1728628
ColorBordes,C,32768,1749130,1749130
ColorBordes,C,32768,2737442,2737442
ColorBordes,C,32768,2722720,2722720
ColorBordes,C,32768,2219996,2219996
ColorBordes,C,32768,2786402,2786402
ColorBordes,C,32768,2042516,2042516
ColorBordes,C,32768,2719898,2719898
ColorBordes,C,32768,1752632,1752632
ColorBordes,C,32768,2893502,2893502
ColorBordes,C,32768,1725738,1725738
ColorBordes,C,32768,1724786,1724786
ColorBordes,C,32768,1899716,1899716
ColorBordes,C,32768,2348448,2348448
ColorBordes,C,32768,2668966,2668966
ColorBordes,C,32768,1747430,1747430
ColorBordes,C,32768,1786598,1786598
ColorBordes,C,32768,1957992,1957992
ColorBordes,C,32768,2126768,2126768
ColorBordes,C,32768,1740120,1740120
ColorBordes,C,32768,2956504,2956504
ColorBordes,C,32768,1712512,1712512
ColorBordes,C,32768,1711934,1711934
ColorBordes,C,32768,1715946,1715946
ColorBordes,C,32768,1714552,1714552
ColorBordes,C,32768,1786530,1786530
ColorBordes,C,32768,1982268,1982268
ColorBordes,C,32768,1709554,1709554
ColorBordes,C,32768,1732402,1732402
ColorBordes,C,32768,1732164,1732164
ColorBordes,C,32768,1712648,1712648
ColorBordes,C,32768,2644656,2644656
ColorBordes,C,32768,1775344,1775344
ColorBordes,C,32768,1765858,1765858
ColorBordes,C,32768,1717238,1717238
ColorBordes,C,32768,2009400,2009400
ColorBordes,C,32768,1988626,1988626
ColorBordes,C,32768,1594362,1594362
ColorBordes,C,32768,1596334,1596334
ColorBordes,C,32768,1593478,1593478
ColorBordes,C,32768,1662022,1662022
ColorBordes,C,32768,1626866,1626866
ColorBordes,C,32768,1609764,1609764
ColorBordes,C,32768,1734204,1734204
ColorBordes,C,32768,1751102,1751102
ColorBordes,C,32768,1759602,1759602
ColorBordes,C,32768,1593886,1593886
ColorBordes,C,32768,1593716,1593716
ColorBordes,C,32768,1711798,1711798
ColorBordes,C,32768,1596844,1596844
ColorBordes,C,32768,1627410,1627410
ColorBordes,C,32768,3177674,3177674
ColorBordes,C,32768,1613334,1613334
ColorBordes,C,32768,1606534,1606534
ColorBordes,C,32768,1652230,1652230
ColorBordes,C,32768,1673310,1673310
ColorBordes,C,32768,2565402,2565402
ColorBordes,C,32768,1702414,1702414
ColorBordes,C,32768,1741242,1741242
ColorBordes,C,32768,1651414,1651414
ColorBordes,C,32768,1880608,1880608
ColorBordes,C,32768,1845826,1845826
ColorBordes,C,32768,1598986,1598986
ColorBordes,C,32768,1627342,1627342
ColorBordes,C,32768,1596878,1596878
ColorBordes,C,32768,1598510,1598510
ColorBordes,C,32768,1660390,1660390
ColorBordes,C,32768,1650938,1650938
ColorBordes,C,32768,1631796,1631796
ColorBordes,C,32768,2807890,2807890
ColorBordes,C,32768,1609016,1609016
ColorBordes,C,32768,1619352,1619352
ColorBordes,C,32768,1639718,1639718
ColorBordes,C,32768,1595382,1595382
ColorBordes,C,32768,1704726,1704726
ColorBordes,C,32768,1617176,1617176
ColorBordes,C,32768,1609764,1609764
ColorBordes,C,32768,1608846,1608846
ColorBordes,C,32768,1642574,1642574
ColorBordes,C,32768,1575968,1575968
ColorBordes,C,32768,2389996,2389996
ColorBordes,C,32768,1615034,1615034
ColorBordes,C,32768,1659914,1659914
ColorBordes,C,32768,1596470,1596470
ColorBordes,C,32768,1614116,1614116
ColorBordes,C,32768,1809412,1809412
ColorBordes,C,32768,1938068,1938068
ColorBordes,C,32768,1742364,1742364
ColorBordes,C,32768,1715844,1715844
ColorBordes,C,32768,1986212,1986212
ColorBordes,C,32768,1761676,1761676
ColorBordes,C,32768,1710676,1710676
ColorBordes,C,32768,1717170,1717170
ColorBordes,C,32768,2840156,2840156
ColorBordes,C,32768,1594090,1594090
ColorBordes,C,32768,1593852,1593852
ColorBordes,C,32768,1655732,1655732
ColorBordes,C,32768,1594906,1594906
ColorBordes,C,32768,2242096,2242096
ColorBordes,C,32768,1751476,1751476
ColorBordes,C,32768,2093482,2093482
ColorBordes,C,32768,1749334,1749334
ColorBordes,C,32768,1618774,1618774
ColorBordes,C,32768,1593410,1593410
ColorBordes,C,32768,1670114,1670114
ColorBordes,C,32768,1652842,1652842
ColorBordes,C,32768,3189268,3189268
ColorBordes,C,32768,1742840,1742840
ColorBordes,C,32768,1691092,1691092
ColorBordes,C,32768,1721624,1721624
ColorBordes,C,32768,1896248,1896248
ColorBordes,C,32768,1690446,1690446
ColorBordes,C,32768,1720060,1720060
ColorBordes,C,32768,1736686,1736686
ColorBordes,C,32768,1709826,1709826
ColorBordes,C,32768,1713498,1713498
ColorBordes,C,32768,1736788,1736788
ColorBordes,C,32768,1592118,1592118
ColorBordes,C,32768,2444702,2444702
ColorBordes,C,32768,1710098,1710098
ColorBordes,C,32768,1596130,1596130
ColorBordes,C,32768,1591914,1591914
ColorBordes,C,32768,1608472,1608472
ColorBordes,C,32768,1712274,1712274
ColorBordes,C,32768,1605548,1605548
ColorBordes,C,32768,1855142,1855142
ColorBordes,C,32768,1594124,1594124
ColorBordes,C,32768,1594158,1594158
ColorBordes,C,32768,1596402,1596402
ColorBordes,C,32768,1643798,1643798
ColorBordes,C,32768,2704666,2704666
ColorBordes,C,32768,1734442,1734442
ColorBordes,C,32768,1594872,1594872
ColorBordes,C,32768,1593274,1593274
ColorBordes,C,32768,1725398,1725398
ColorBordes,C,32768,1631320,1631320
ColorBordes,C,32768,1717510,1717510
ColorBordes,C,32768,1714688,1714688
ColorBordes,C,32768,1712478,1712478
ColorBordes,C,32768,1753380,1753380
ColorBordes,C,32768,1675690,1675690
ColorBordes,C,32768,1630028,1630028
ColorBordes,C,32768,1593172,1593172
ColorBordes,C,32768,4354176,4354176
ColorBordes,C,32768,2713166,2713166
ColorBordes,C,32768,2245870,2245870
ColorBordes,C,32768,1693268,1693268
ColorBordes,C,32768,1714280,1714280
ColorBordes,C,32768,2578492,2578492
ColorBordes,C,32768,1740630,1740630
ColorBordes,C,32768,1722372,1722372
ColorBordes,C,32768,1605072,1605072
ColorBordes,C,32768,1602046,1602046
ColorBordes,C,32768,1603474,1603474
ColorBordes,C,32768,1611192,1611192
ColorBordes,C,32768,1842290,1842290
ColorBordes,C,32768,1748892,1748892
ColorBordes,C,32768,1761846,1761846
ColorBordes,C,32768,1820258,1820258
ColorBordes,C,32768,1618400,1618400
ColorBordes,C,32768,1600006,1600006
ColorBordes,C,32768,1598952,1598952
ColorBordes,C,32768,1597558,1597558
ColorBordes,C,32768,1764464,1764464
ColorBordes,C,32768,1596538,1596538
ColorBordes,C,32768,1598374,1598374
ColorBordes,C,32768,1597728,1597728
ColorBordes,C,32768,1832294,1832294
ColorBordes,C,32768,1709044,1709044
ColorBordes,C,32768,1595790,1595790
ColorBordes,C,32768,1740562,1740562
ColorBordes,C,32768,1619488,1619488
ColorBordes,C,32768,1598850,1598850
ColorBordes,C,32768,1599156,1599156
ColorBordes,C,32768,1594838,1594838
ColorBordes,C,32768,1595246,1595246
ColorBordes,C,32768,1634312,1634312
ColorBordes,C,32768,1596028,1596028
ColorBordes,C,32768,2963508,2963508
ColorBordes,C,32768,1718598,1718598
ColorBordes,C,32768,1736210,1736210
ColorBordes,C,32768,1758310,1758310
ColorBordes,C,32768,1844568,1844568
ColorBordes,C,32768,1962820,1962820
ColorBordes,C,32768,1724684,1724684
ColorBordes,C,32768,1779866,1779866
ColorBordes,C,32768,1755522,1755522
ColorBordes,C,32768,1884212,1884212
ColorBordes,C,32768,1608914,1608914
ColorBordes,C,32768,1633598,1633598
ColorBordes,C,32768,3257166,3257166
ColorBordes,C,32768,1610036,1610036
ColorBordes,C,32768,1606058,1606058
ColorBordes,C,32768,1606160,1606160
ColorBordes,C,32768,2614736,2614736
ColorBordes,C,32768,2769810,2769810
ColorBordes,C,32768,2022694,2022694
ColorBordes,C,32768,1600516,1600516
ColorBordes,C,32768,1604018,1604018
ColorBordes,C,32768,1604086,1604086
ColorBordes,C,32768,1795268,1795268
ColorBordes,C,32768,2452692,2452692
ColorBordes,C,32768,1749130,1749130
ColorBordes,C,32768,1724786,1724786
ColorBordes,C,32768,1765960,1765960
ColorBordes,C,32768,1864526,1864526
ColorBordes,C,32768,1959080,1959080
ColorBordes,C,32768,1726282,1726282
ColorBordes,C,32768,1753346,1753346
ColorBordes,C,32768,1802986,1802986
ColorBordes,C,32768,2195108,2195108
ColorBordes,C,32768,1796016,1796016
ColorBordes,C,32768,1727608,1727608
ColorBordes,C,32768,1724650,1724650
ColorBordes,C,32768,2898330,2898330
ColorBordes,C,32768,1728594,1728594
ColorBordes,C,32768,1734986,1734986
ColorBordes,C,32768,1607248,1607248
ColorBordes,C,32768,1605412,1605412
ColorBordes,C,32768,1603746,1603746
ColorBordes,C,32768,2292076,2292076
ColorBordes,C,32768,1607350,1607350
ColorBordes,C,32768,1608574,1608574
ColorBordes,C,32768,4012986,4012986
ColorBordes,C,32768,1731654,1731654
ColorBordes,C,32768,1748110,1748110
ColorBordes,C,32768,1723494,1723494
ColorBordes,C,32768,1727846,1727846
ColorBordes,C,32768,1746784,1746784
ColorBordes,C,32768,1678172,1678172
ColorBordes,C,32768,1883294,1883294
ColorBordes,C,32768,1647198,1647198
ColorBordes,C,32768,1652978,1652978
ColorBordes,C,32768,1983186,1983186
ColorBordes,C,32768,1655358,1655358
ColorBordes,C,32768,1606058,1606058
ColorBordes,C,32768,1612076,1612076
ColorBordes,C,32768,3119908,3119908
ColorBordes,C,32768,1790474,1790474
ColorBordes,C,32768,1752428,1752428
ColorBordes,C,32768,1725194,1725194
ColorBordes,C,32768,2858380,2858380
ColorBordes,C,32768,3188452,3188452
ColorBordes,C,32768,1913656,1913656
ColorBordes,C,32768,1789284,1789284
ColorBordes,C,120000,8053410,8053410
ColorBordes,C,120000,6049110,6049110
ColorBordes,C,120000,6019598,6019598
ColorBordes,C,120000,6014600,6014600
ColorBordes,C,120000,6010826,6010826
ColorBordes,C,120000,6202552,6202552
ColorBordes,C,120000,7046092,7046092
ColorBordes,C,120000,6134620,6134620
ColorBordes,C,120000,6102524,6102524
ColorBordes,C,120000,6132104,6132104
ColorBordes,C,120000,6021060,6021060
ColorBordes,C,120000,6047614,6047614
ColorBordes,C,120000,6164302,6164302
ColorBordes,C,120000,6540274,6540274
ColorBordes,C,120000,6204626,6204626
ColorBordes,C,120000,6021536,6021536
ColorBordes,C,120000,6050096,6050096
ColorBordes,C,120000,6027758,6027758
ColorBordes,C,120000,6152980,6152980
ColorBordes,C,120000,6214316,6214316
ColorBordes,C,120000,6769298,6769298
ColorBordes,C,120000,6187354,6187354
ColorBordes,C,120000,6094330,6094330
ColorBordes,C,120000,6546972,6546972
ColorBordes,C,120000,6262800,6262800
ColorBordes,C,120000,6062846,6062846
ColorBordes,C,120000,6147064,6147064
ColorBordes,C,120000,6818190,6818190
ColorBordes,C,120000,6065532,6065532
ColorBordes,C,120000,6097118,6097118
ColorBordes,C,120000,6005318,6005318
ColorBordes,C,120000,5902536,5902536
ColorBordes,C,120000,5593204,5593204
ColorBordes,C,120000,5989236,5989236
ColorBordes,C,120000,6000048,6000048
ColorBordes,C,120000,6082600,6082600
ColorBordes,C,120000,5803494,5803494
ColorBordes,C,120000,5656104,5656104
ColorBordes,C,120000,5878600,5878600
ColorBordes,C,120000,6696130,6696130
ColorBordes,C,120000,5811450,5811450
ColorBordes,C,120000,10000080,10000080
ColorBordes,C,120000,5976860,5976860
ColorBordes,C,120000,5944050,5944050
ColorBordes,C,120000,5689662,5689662
ColorBordes,C,120000,6227168,6227168
ColorBordes,C,120000,5548562,5548562
ColorBordes,C,120000,5706458,5706458
ColorBordes,C,120000,10746312,10746312
ColorBordes,C,120000,5587118,5587118
ColorBordes,C,120000,5544448,5544448
ColorBordes,C,120000,5559816,5559816
ColorBordes,C,120000,5988522,5988522
ColorBordes,C,120000,6035884,6035884
ColorBordes,C,120000,5582392,5582392
ColorBordes,C,120000,9186596,9186596
ColorBordes,C,120000,5623192,5623192
ColorBordes,C,120000,5590484,5590484
ColorBordes,C,120000,5845926,5845926
ColorBordes,C,120000,5695068,5695068
ColorBordes,C,120000,5761062,5761062
ColorBordes,C,120000,5606192,5606192
ColorBordes,C,120000,10921276,10921276
ColorBordes,C,120000,6084504,6084504
ColorBordes,C,120000,5998110,5998110
ColorBordes,C,120000,6030682,6030682
ColorBordes,C,120000,6135232,6135232
ColorBordes,C,120000,6649550,6649550
ColorBordes,C,120000,6336784,6336784
ColorBordes,C,120000,6080220,6080220
ColorBordes,C,120000,5609082,5609082
ColorBordes,C,120000,5691566,5691566
ColorBordes,C,120000,6061452,6061452
ColorBordes,C,120000,6032076,6032076
ColorBordes,C,120000,6035374,6035374
ColorBordes,C,120000,6106978,6106978
ColorBordes,C,120000,6786400,6786400
ColorBordes,C,120000,6072808,6072808
ColorBordes,C,120000,6016810,6016810
ColorBordes,C,120000,6120374,6120374
ColorBordes,C,120000,5783298,5783298
ColorBordes,C,120000,5931946,5931946
ColorBordes,C,120000,5877478,5877478
ColorBordes,C,120000,6829920,6829920
ColorBordes,C,120000,6329712,6329712
ColorBordes,C,120000,6861880,6861880
ColorBordes,C,120000,8378178,8378178
ColorBordes,C,120000,7629022,7629022
ColorBordes,C,120000,6472240,6472240
ColorBordes,C,120000,6197928,6197928
ColorBordes,C,120000,6580632,6580632
ColorBordes,C,120000,6081274,6081274
ColorBordes,C,120000,6113302,6113302
ColorBordes,C,120000,5649814,5649814
ColorBordes,C,120000,6083586,6083586
ColorBordes,C,120000,5752120,5752120
ColorBordes,C,120000,5806486,5806486
ColorBordes,C,120000,6908732,6908732
ColorBordes,C,120000,5694592,5694592
ColorBordes,C,120000,5886624,5886624
ColorBordes,C,120000,5743960,5743960
ColorBordes,C,120000,5724716,5724716
ColorBordes,C,120000,5568826,5568826
ColorBordes,C,120000,5689186,5689186
ColorBordes,C,120000,5710096,5710096
ColorBordes,C,120000,5859730,5859730
ColorBordes,C,120000,5631012,5631012
ColorBordes,C,120000,5806894,5806894
ColorBordes,C,120000,5971862,5971862
ColorBordes,C,120000,6172190,6172190
ColorBordes,C,120000,6014090,6014090
ColorBordes,C,120000,6172870,6172870
ColorBordes,C,120000,6437560,6437560
ColorBordes,C,120000,6070768,6070768
ColorBordes,C,120000,6011710,6011710
ColorBordes,C,120000,6083382,6083382
ColorBordes,C,120000,5996104,5996104
ColorBordes,C,120000,6028540,6028540
ColorBordes,C,120000,6049926,6049926
ColorBordes,C,120000,6583862,6583862
ColorBordes,C,120000,6310060,6310060
ColorBordes,C,120000,5935380,5935380
ColorBordes,C,120000,5634276,5634276
ColorBordes,C,120000,5654336,5654336
ColorBordes,C,120000,5559680,5559680
ColorBordes,C,120000,6125916,6125916
ColorBordes,C,120000,7149418,7149418
ColorBordes,C,120000,5967816,5967816
ColorBordes,C,120000,6052952,6052952
ColorBordes,C,120000,8475826,8475826
ColorBordes,C,120000,6908562,6908562
ColorBordes,C,120000,5959010,5959010
ColorBordes,C,120000,6697490,6697490
ColorBordes,C,120000,6488798,6488798
ColorBordes,C,120000,5970434,5970434
ColorBordes,C,120000,6036768,6036768
ColorBordes,C,120000,5958806,5958806
ColorBordes,C,120000,5981688,5981688
ColorBordes,C,120000,5482534,5482534
ColorBordes,C,120000,8528254,8528254
ColorBordes,C,120000,5931810,5931810
ColorBordes,C,120000,5500044,5500044
ColorBordes,C,120000,5493856,5493856
ColorBordes,C,120000,5653486,5653486
ColorBordes,C,120000,5534044,5534044
ColorBordes,C,120000,5772180,5772180
ColorBordes,C,120000,7363346,7363346
ColorBordes,C,120000,7690324,7690324
ColorBordes,C,120000,5545842,5545842
ColorBordes,C,120000,5782040,5782040
ColorBordes,C,120000,7064010,7064010
ColorBordes,C,120000,5995730,5995730
ColorBordes,C,120000,5948130,5948130
ColorBordes,C,120000,9323004,9323004
ColorBordes,C,120000,6140706,6140706
ColorBordes,C,120000,6098818,6098818
ColorBordes,C,120000,6223360,6223360
ColorBordes,C,120000,6028268,6028268
ColorBordes,C,120000,5938066,5938066
ColorBordes,C,120000,5936468,5936468
ColorBordes,C,120000,10369422,10369422
ColorBordes,C,120000,6003686,6003686
ColorBordes,C,120000,5938270,5938270
ColorBordes,C,120000,5943472,5943472
ColorBordes,C,120000,5682182,5682182
ColorBordes,C,120000,5576170,5576170
ColorBordes,C,120000,5535268,5535268
ColorBordes,C,120000,9614656,9614656
ColorBordes,C,120000,5654336,5654336
ColorBordes,C,120000,5521430,5521430
ColorBordes,C,120000,5518812,5518812
ColorBordes,C,120000,5648794,5648794
ColorBordes,C,120000,5670622,5670622
ColorBordes,C,120000,5572702,5572702
ColorBordes,C,120000,10156480,10156480
ColorBordes,C,120000,5770242,5770242
ColorBordes,C,120000,6119694,6119694
ColorBordes,C,120000,6119626,6119626
ColorBordes,C,120000,6122414,6122414
ColorBordes,C,120000,5943472,5943472
ColorBordes,C,120000,6114832,6114832
ColorBordes,C,120000,8552632,8552632
ColorBordes,C,120000,5666202,5666202
ColorBordes,C,120000,5691668,5691668
ColorBordes,C,120000,5974208,5974208
ColorBordes,C,120000,5826920,5826920
ColorBordes,C,120000,8482762,8482762
ColorBordes,C,120000,7629124,7629124
ColorBordes,C,120000,6821488,6821488
ColorBordes,C,120000,6134790,6134790
ColorBordes,C,120000,6208162,6208162
ColorBordes,C,120000,6181438,6181438
ColorBordes,C,120000,6237912,6237912
ColorBordes,C,120000,5983252,5983252
ColorBordes,C,120000,6095112,6095112
ColorBordes,C,120000,6420084,6420084
ColorBordes,C,120000,5948266,5948266
ColorBordes,C,120000,5945070,5945070
ColorBordes,C,120000,6058392,6058392
ColorBordes,C,120000,5941466,5941466
ColorBordes,C,120000,5956596,5956596
ColorBordes,C,120000,6170388,6170388
ColorBordes,C,120000,6337600,6337600
ColorBordes,C,120000,5941534,5941534
ColorBordes,C,120000,5943982,5943982
ColorBordes,C,120000,5963838,5963838
ColorBordes,C,120000,5592796,5592796
ColorBordes,C,120000,5792444,5792444
ColorBordes,C,120000,6154442,6154442
ColorBordes,C,120000,5976112,5976112
ColorBordes,C,120000,5967714,5967714
ColorBordes,C,120000,5933782,5933782
ColorBordes,C,120000,5956970,5956970
ColorBordes,C,120000,6012492,6012492
ColorBordes,C,120000,5957276,5957276
ColorBordes,C,120000,5921168,5921168
ColorBordes,C,120000,6093786,6093786
ColorBordes,C,120000,5627170,5627170
ColorBordes,C,120000,5596978,5596978
ColorBordes,C,120000,5530950,5530950
ColorBordes,C,120000,5680550,5680550
ColorBordes,C,120000,5725396,5725396
ColorBordes,C,120000,5521940,5521940
ColorBordes,C,120000,5990698,5990698
ColorBordes,C,120000,5947348,5947348
ColorBordes,C,120000,5932014,5932014
ColorBordes,C,120000,5510142,5510142
ColorBordes,C,120000,5578516,5578516
ColorBordes,C,120000,5901108,5901108
ColorBordes,C,120000,5548052,5548052
ColorBordes,C,120000,5730632,5730632
ColorBordes,C,120000,5741886,5741886
ColorBordes,C,120000,6799320,6799320
ColorBordes,C,120000,5687452,5687452
ColorBordes,C,120000,5652840,5652840
ColorBordes,C,120000,5647740,5647740
ColorBordes,C,120000,5679904,5679904
ColorBordes,C,120000,5673750,5673750
ColorBordes,C,120000,5648556,5648556
ColorBordes,C,120000,5697584,5697584
ColorBordes,C,120000,6113234,6113234
ColorBordes,C,120000,5906310,5906310
ColorBordes,C,120000,5983320,5983320
ColorBordes,C,120000,5903012,5903012
ColorBordes,C,120000,5701120,5701120
ColorBordes,C,120000,5714992,5714992
ColorBordes,C,120000,6260352,6260352
ColorBordes,C,120000,8593160,8593160
ColorBordes,C,120000,15316626,15316626
ColorBordes,C,120000,6099974,6099974
ColorBordes,C,120000,6100450,6100450
ColorBordes,C,120000,5970434,5970434
ColorBordes,C,120000,6307272,6307272
ColorBordes,C,120000,5683814,5683814
ColorBordes,C,120000,5541558,5541558
ColorBordes,C,120000,5860546,5860546
ColorBordes,C,120000,5638288,5638288
ColorBordes,C,120000,5505212,5505212
ColorBordes,C,120000,6492674,6492674
ColorBordes,C,120000,5548290,5548290
ColorBordes,C,120000,6156244,6156244
ColorBordes,C,120000,6080050,6080050
ColorBordes,C,120000,5635330,5635330
ColorBordes,C,120000,5973562,5973562
ColorBordes,C,120000,5517860,5517860
ColorBordes,C,120000,5546046,5546046
ColorBordes,C,120000,5558762,5558762
ColorBordes,C,120000,5540844,5540844
ColorBordes,C,120000,5499092,5499092
ColorBordes,C,120000,5516806,5516806
ColorBordes,C,120000,5559986,5559986
ColorBordes,C,120000,6357626,6357626
ColorBordes,C,120000,5524422,5524422
ColorBordes,C,120000,5532310,5532310
ColorBordes,C,120000,5985734,5985734
ColorBordes,C,120000,6752876,6752876
ColorBordes,C,120000,5555226,5555226
ColorBordes,C,120000,5828484,5828484
ColorBordes,C,120000,6000728,6000728
ColorBordes,C,120000,6080118,6080118
ColorBordes,C,120000,5520716,5520716
ColorBordes,C,120000,5744640,5744640
ColorBordes,C,120000,6027112,6027112
ColorBordes,C,120000,5597386,5597386
ColorBordes,C,120000,5548868,5548868
ColorBordes,C,120000,5991820,5991820
ColorBordes,C,120000,6022488,6022488
ColorBordes,C,120000,5532276,5532276
ColorBordes,C,120000,5528536,5528536
ColorBordes,C,120000,6232336,6232336
ColorBordes,C,120000,5863130,5863130
ColorBordes,C,120000,5749196,5749196
ColorBordes,C,120000,5888800,5888800
ColorBordes,C,120000,5979580,5979580
ColorBordes,C,120000,5927526,5927526
ColorBordes,C,120000,5980838,5980838
ColorBordes,C,120000,5987570,5987570
ColorBordes,C,120000,5896518,5896518
ColorBordes,C,120000,6247908,6247908
ColorBordes,C,120000,5982742,5982742
ColorBordes,C,131072,9646174,9646174
ColorBordes,C,131072,6424912,6424912
ColorBordes,C,131072,6993426,6993426
ColorBordes,C,131072,6865552,6865552
ColorBordes,C,131072,6734992,6734992
ColorBordes,C,131072,6462618,6462618
ColorBordes,C,131072,6976052,6976052
ColorBordes,C,131072,6806766,6806766
ColorBordes,C,131072,6765694,6765694
ColorBordes,C,131072,6474348,6474348
ColorBordes,C,131072,6717822,6717822
ColorBordes,C,131072,7796404,7796404
ColorBordes,C,131072,6399038,6399038
ColorBordes,C,131072,6718604,6718604
ColorBordes,C,131072,6595966,6595966
ColorBordes,C,131072,6955244,6955244
ColorBordes,C,131072,6387954,6387954
ColorBordes,C,131072,6427632,6427632
ColorBordes,C,131072,6398290,6398290
ColorBordes,C,131072,6777594,6777594
ColorBordes,C,131072,6718400,6718400
ColorBordes,C,131072,6604364,6604364
ColorBordes,C,131072,6031702,6031702
ColorBordes,C,131072,7090360,7090360
ColorBordes,C,131072,6342700,6342700
ColorBordes,C,131072,6608444,6608444
ColorBordes,C,131072,6125576,6125576
ColorBordes,C,131072,6651318,6651318
ColorBordes,C,131072,6441980,6441980
ColorBordes,C,131072,6595762,6595762
ColorBordes,C,131072,5949864,5949864
ColorBordes,C,131072,6430114,6430114
ColorBordes,C,131072,6205748,6205748
ColorBordes,C,131072,6666788,6666788
ColorBordes,C,131072,5966626,5966626
ColorBordes,C,131072,6222442,6222442
ColorBordes,C,131072,6085966,6085966
ColorBordes,C,131072,6237606,6237606
ColorBordes,C,131072,6126120,6126120
ColorBordes,C,131072,6122924,6122924
ColorBordes,C,131072,6814552,6814552
ColorBordes,C,131072,6701672,6701672
ColorBordes,C,131072,6121802,6121802
ColorBordes,C,131072,6441368,6441368
ColorBordes,C,131072,6160052,6160052
ColorBordes,C,131072,6484888,6484888
ColorBordes,C,131072,6243114,6243114
ColorBordes,C,131072,6833456,6833456
ColorBordes,C,131072,6367146,6367146
ColorBordes,C,131072,6703270,6703270
ColorBordes,C,131072,6222578,6222578
ColorBordes,C,131072,6466698,6466698
ColorBordes,C,131072,6378842,6378842
ColorBordes,C,131072,6172020,6172020
ColorBordes,C,131072,6882178,6882178
ColorBordes,C,131072,6399752,6399752
ColorBordes,C,131072,6367486,6367486
ColorBordes,C,131072,6458028,6458028
ColorBordes,C,131072,8313408,8313408
ColorBordes,C,131072,6660600,6660600
ColorBordes,C,131072,6350962,6350962
ColorBordes,C,131072,6579510,6579510
ColorBordes,C,131072,6090658,6090658
ColorBordes,C,131072,5901992,5901992
ColorBordes,C,131072,5934394,5934394
ColorBordes,C,131072,6278644,6278644
ColorBordes,C,131072,6542110,6542110
ColorBordes,C,131072,5906242,5906242
ColorBordes,C,131072,7067376,7067376
ColorBordes,C,131072,5989576,5989576
ColorBordes,C,131072,6260318,6260318
ColorBordes,C,131072,6111602,6111602
ColorBordes,C,131072,7065880,7065880
ColorBordes,C,131072,6427292,6427292
ColorBordes,C,131072,6849946,6849946
ColorBordes,C,131072,6328930,6328930
ColorBordes,C,131072,6622792,6622792
ColorBordes,C,131072,6274802,6274802
ColorBordes,C,131072,6371702,6371702
ColorBordes,C,131072,6467548,6467548
ColorBordes,C,131072,7048200,7048200
ColorBordes,C,131072,6757704,6757704
ColorBordes,C,131072,6685046,6685046
ColorBordes,C,131072,6569854,6569854
ColorBordes,C,131072,8753844,8753844
ColorBordes,C,131072,6612490,6612490
ColorBordes,C,131072,6422124,6422124
ColorBordes,C,131072,6385132,6385132
ColorBordes,C,131072,6191910,6191910
ColorBordes,C,131072,6518174,6518174
ColorBordes,C,131072,7004646,7004646
ColorBordes,C,131072,6154340,6154340
ColorBordes,C,131072,6156550,6156550
ColorBordes,C,131072,6056420,6056420
ColorBordes,C,131072,6623574,6623574
ColorBordes,C,131072,6070496,6070496
ColorBordes,C,131072,7256586,7256586
ColorBordes,C,131072,6364154,6364154
ColorBordes,C,131072,6896390,6896390
ColorBordes,C,131072,6643056,6643056
ColorBordes,C,131072,7018246,7018246
ColorBordes,C,131072,6813328,6813328
ColorBordes,C,131072,6436642,6436642
ColorBordes,C,131072,6361672,6361672
ColorBordes,C,131072,7169376,7169376
ColorBordes,C,131072,6469044,6469044
ColorBordes,C,131072,7113888,7113888
ColorBordes,C,131072,6549624,6549624
ColorBordes,C,131072,8075510,8075510
ColorBordes,C,131072,16902114,16902114
ColorBordes,C,131072,6053564,6053564
ColorBordes,C,131072,6446876,6446876
ColorBordes,C,131072,6656928,6656928
ColorBordes,C,131072,6468874,6468874
ColorBordes,C,131072,6042378,6042378
ColorBordes,C,131072,7230916,7230916
ColorBordes,C,131072,6038876,6038876
ColorBordes,C,131072,7033104,7033104
ColorBordes,C,131072,6065600,6065600
ColorBordes,C,131072,8187098,8187098
ColorBordes,C,131072,8239594,8239594
ColorBordes,C,131072,17268668,17268668
ColorBordes,C,131072,6636392,6636392
ColorBordes,C,131072,6754406,6754406
ColorBordes,C,131072,7017906,7017906
ColorBordes,C,131072,6753726,6753726
ColorBordes,C,131072,6678586,6678586
ColorBordes,C,131072,6442048,6442048
ColorBordes,C,131072,6826928,6826928
ColorBordes,C,131072,6544558,6544558
ColorBordes,C,131072,8656672,8656672
ColorBordes,C,131072,17131478,17131478
ColorBordes,C,131072,6445278,6445278
ColorBordes,C,131072,6778954,6778954
ColorBordes,C,131072,6045710,6045710
ColorBordes,C,131072,6978908,6978908
ColorBordes,C,131072,6098580,6098580
ColorBordes,C,131072,6324612,6324612
ColorBordes,C,131072,5968598,5968598
ColorBordes,C,131072,6233016,6233016
ColorBordes,C,131072,6221218,6221218
ColorBordes,C,131072,6621466,6621466
ColorBordes,C,131072,12625696,12625696
ColorBordes,C,131072,9106390,9106390
ColorBordes,C,131072,6049654,6049654
ColorBordes,C,131072,6038468,6038468
ColorBordes,C,131072,6103340,6103340
ColorBordes,C,131072,6145194,6145194
ColorBordes,C,131072,6064070,6064070
ColorBordes,C,131072,6151212,6151212
ColorBordes,C,131072,7814662,7814662
ColorBordes,C,131072,6477408,6477408
ColorBordes,C,131072,6614632,6614632
ColorBordes,C,131072,6159474,6159474
ColorBordes,C,131072,6691098,6691098
ColorBordes,C,131072,6051184,6051184
ColorBordes,C,131072,6287416,6287416
ColorBordes,C,131072,6308122,6308122
ColorBordes,C,131072,7499618,7499618
ColorBordes,C,131072,6013954,6013954
ColorBordes,C,131072,6527830,6527830
ColorBordes,C,131072,6344672,6344672
ColorBordes,C,131072,6421682,6421682
ColorBordes,C,131072,6084402,6084402
ColorBordes,C,131072,6290136,6290136
ColorBordes,C,131072,5952550,5952550
ColorBordes,C,131072,8807258,8807258
ColorBordes,C,131072,6278134,6278134
ColorBordes,C,131072,6102286,6102286
ColorBordes,C,131072,5966762,5966762
ColorBordes,C,131072,6598380,6598380
ColorBordes,C,131072,6303668,6303668
ColorBordes,C,131072,6081580,6081580
ColorBordes,C,131072,5954896,5954896
ColorBordes,C,131072,6143562,6143562
ColorBordes,C,131072,6485976,6485976
ColorBordes,C,131072,6080764,6080764
ColorBordes,C,131072,6038332,6038332
ColorBordes,C,131072,10422870,10422870
ColorBordes,C,131072,6329100,6329100
ColorBordes,C,131072,6614190,6614190
ColorBordes,C,131072,6071992,6071992
ColorBordes,C,131072,6064852,6064852
ColorBordes,C,131072,6048498,6048498
ColorBordes,C,131072,6055230,6055230
ColorBordes,C,131072,6042480,6042480
ColorBordes,C,131072,6523852,6523852
ColorBordes,C,131072,6351880,6351880
ColorBordes,C,131072,6528340,6528340
ColorBordes,C,131072,6048974,6048974
ColorBordes,C,131072,7157884,7157884
ColorBordes,C,131072,6080492,6080492
ColorBordes,C,131072,6927636,6927636
ColorBordes,C,131072,6078962,6078962
ColorBordes,C,131072,6699530,6699530
ColorBordes,C,131072,6047478,6047478
ColorBordes,C,131072,6327638,6327638
ColorBordes,C,131072,6507974,6507974
ColorBordes,C,131072,6594300,6594300
ColorBordes,C,131072,6443340,6443340
ColorBordes,C,131072,6490464,6490464
ColorBordes,C,131072,6739106,6739106
ColorBordes,C,131072,7084716,7084716
ColorBordes,C,131072,6426272,6426272
ColorBordes,C,131072,6364256,6364256
ColorBordes,C,131072,6205918,6205918
ColorBordes,C,131072,6695144,6695144
ColorBordes,C,131072,6950246,6950246
ColorBordes,C,131072,6406688,6406688
ColorBordes,C,131072,6057984,6057984
ColorBordes,C,131072,6567100,6567100
ColorBordes,C,131072,6042106,6042106
ColorBordes,C,131072,6655194,6655194
ColorBordes,C,131072,6087292,6087292
ColorBordes,C,131072,7309830,7309830
ColorBordes,C,131072,6054890,6054890
ColorBordes,C,131072,6351472,6351472
ColorBordes,C,131072,8067112,8067112
ColorBordes,C,131072,7919688,7919688
ColorBordes,C,131072,6133940,6133940
ColorBordes,C,131072,7709058,7709058
ColorBordes,C,131072,6046934,6046934
ColorBordes,C,131072,6607254,6607254
ColorBordes,C,131072,6056386,6056386
ColorBordes,C,131072,6471458,6471458
ColorBordes,C,131072,6189564,6189564
ColorBordes,C,131072,6544592,6544592
ColorBordes,C,131072,7091720,7091720
ColorBordes,C,131072,6447046,6447046
ColorBordes,C,131072,6764606,6764606
ColorBordes,C,131072,6458708,6458708
ColorBordes,C,131072,6622078,6622078
ColorBordes,C,131072,6374184,6374184
ColorBordes,C,131072,6877962,6877962
ColorBordes,C,131072,6696198,6696198
ColorBordes,C,131072,6516780,6516780
ColorBordes,C,131072,6519466,6519466
ColorBordes,C,131072,6791976,6791976
ColorBordes,C,131072,6486860,6486860
ColorBordes,C,131072,6630578,6630578
ColorBordes,C,131072,6454254,6454254
ColorBordes,C,131072,7021000,7021000
ColorBordes,C,131072,6159406,6159406
ColorBordes,C,131072,6438070,6438070
ColorBordes,C,131072,6068592,6068592
ColorBordes,C,131072,7323736,7323736
ColorBordes,C,131072,6071006,6071006
ColorBordes,C,131072,6715578,6715578
ColorBordes,C,131072,6040440,6040440
ColorBordes,C,131072,6251376,6251376
ColorBordes,C,131072,6337158,6337158
ColorBordes,C,131072,6047172,6047172
ColorBordes,C,131072,6056896,6056896
ColorBordes,C,131072,5969686,5969686
ColorBordes,C,131072,6184600,6184600
ColorBordes,C,131072,6055026,6055026
ColorBordes,C,131072,6307068,6307068
ColorBordes,C,131072,6069170,6069170
ColorBordes,C,131072,7077134,7077134
ColorBordes,C,131072,6036258,6036258
ColorBordes,C,131072,6625546,6625546
ColorBordes,C,131072,6731796,6731796
ColorBordes,C,131072,7699402,7699402
ColorBordes,C,131072,6043874,6043874
ColorBordes,C,131072,6256612,6256612
ColorBordes,C,131072,6038740,6038740
ColorBordes,C,131072,6437832,6437832
ColorBordes,C,131072,5906990,5906990
ColorBordes,C,131072,6729178,6729178
ColorBordes,C,131072,6006916,6006916
ColorBordes,C,131072,7289498,7289498
ColorBordes,C,131072,7242850,7242850
ColorBordes,C,131072,7907550,7907550
ColorBordes,C,131072,6717754,6717754
ColorBordes,C,131072,7057006,7057006
ColorBordes,C,131072,6101674,6101674
ColorBordes,C,131072,6637072,6637072
ColorBordes,C,131072,6118300,6118300
ColorBordes,C,131072,6449358,6449358
ColorBordes,C,131072,6347902,6347902
ColorBordes,C,131072,6741112,6741112
ColorBordes,C,131072,6657642,6657642
ColorBordes,C,131072,7578872,7578872
ColorBordes,C,131072,6442932,6442932
ColorBordes,C,131072,6814790,6814790
ColorBordes,C,131072,6462108,6462108
ColorBordes,C,131072,7339512,7339512
ColorBordes,C,131072,7016716,7016716
ColorBordes,C,131072,6900470,6900470
ColorBordes,C,131072,6427326,6427326
ColorBordes,C,131072,7321526,7321526
ColorBordes,C,131072,8159320,8159320
ColorBordes,C,131072,6789596,6789596
ColorBordes,C,131072,7116744,7116744
ColorBordes,C,131072,6453030,6453030
ColorBordes,C,131072,6737746,6737746
ColorBordes,C,131072,6443850,6443850
ColorBordes,C,131072,6740160,6740160
ColorBordes,C,131072,6355586,6355586
ColorBordes,C,131072,6043874,6043874
ColorBordes,C,480000,23402200,23402200
ColorBordes,C,480000,24604304,24604304
ColorBordes,C,480000,24211400,24211400
ColorBordes,C,480000,22485560,22485560
ColorBordes,C,480000,25348054,25348054
ColorBordes,C,480000,22427964,22427964
ColorBordes,C,480000,21001426,21001426
ColorBordes,C,480000,27802650,27802650
ColorBordes,C,480000,22864218,22864218
ColorBordes,C,480000,23263480,23263480
ColorBordes,C,480000,23189904,23189904
ColorBordes,C,480000,23309040,23309040
ColorBordes,C,480000,21744598,21744598
ColorBordes,C,480000,23359428,23359428
ColorBordes,C,480000,22696122,22696122
ColorBordes,C,480000,23062302,23062302
ColorBordes,C,480000,22801658,22801658
ColorBordes,C,480000,22416914,22416914
ColorBordes,C,480000,22785100,22785100
ColorBordes,C,480000,23952014,23952014
ColorBordes,C,480000,23293230,23293230
ColorBordes,C,480000,21715630,21715630
ColorBordes,C,480000,24176210,24176210
ColorBordes,C,480000,22525544,22525544
ColorBordes,C,480000,22417662,22417662
ColorBordes,C,480000,29165132,29165132
ColorBordes,C,480000,23670664,23670664
ColorBordes,C,480000,24029704,24029704
ColorBordes,C,480000,23614156,23614156
ColorBordes,C,480000,27401518,27401518
ColorBordes,C,480000,22133354,22133354
ColorBordes,C,480000,22999436,22999436
ColorBordes,C,480000,26267890,26267890
ColorBordes,C,480000,22737432,22737432
ColorBordes,C,480000,23933450,23933450
ColorBordes,C,480000,22560734,22560734
ColorBordes,C,480000,25218582,25218582
ColorBordes,C,480000,21775368,21775368
ColorBordes,C,480000,23028472,23028472
ColorBordes,C,480000,22512658,22512658
ColorBordes,C,480000,28228534,28228534
ColorBordes,C,480000,22926540,22926540
ColorBordes,C,480000,22374074,22374074
ColorBordes,C,480000,23223598,23223598
ColorBordes,C,480000,23143052,23143052
ColorBordes,C,480000,22150184,22150184
ColorBordes,C,480000,22500758,22500758
ColorBordes,C,480000,24862908,24862908
ColorBordes,C,480000,22367070,22367070
ColorBordes,C,480000,23699054,23699054
ColorBordes,C,480000,23327842,23327842
ColorBordes,C,480000,22411134,22411134
ColorBordes,C,480000,22442040,22442040
ColorBordes,C,480000,21640456,21640456
ColorBordes,C,480000,23347494,23347494
ColorBordes,C,480000,26921030,26921030
ColorBordes,C,480000,21983754,21983754
ColorBordes,C,480000,22512250,22512250
ColorBordes,C,480000,23444394,23444394
ColorBordes,C,480000,22617548,22617548
ColorBordes,C,480000,22376692,22376692
ColorBordes,C,480000,23082124,23082124
ColorBordes,C,480000,22121760,22121760
ColorBordes,C,480000,22468424,22468424
ColorBordes,C,480000,22018638,22018638
ColorBordes,C,480000,22942826,22942826
ColorBordes,C,480000,23509912,23509912
ColorBordes,C,480000,22141582,22141582
ColorBordes,C,480000,26691870,26691870
ColorBordes,C,480000,22579060,22579060
ColorBordes,C,480000,22781190,22781190
ColorBordes,C,480000,23162126,23162126
ColorBordes,C,480000,26001704,26001704
ColorBordes,C,480000,21961042,21961042
ColorBordes,C,480000,22162968,22162968
ColorBordes,C,480000,25738884,25738884
ColorBordes,C,480000,21978586,21978586
ColorBordes,C,480000,21715256,21715256
ColorBordes,C,480000,24691208,24691208
ColorBordes,C,480000,26936602,26936602
ColorBordes,C,480000,25186894,25186894
ColorBordes,C,480000,22660286,22660286
ColorBordes,C,480000,25995380,25995380
ColorBordes,C,480000,24310612,24310612
ColorBordes,C,480000,21635526,21635526
ColorBordes,C,480000,26147020,26147020
ColorBordes,C,480000,25232828,25232828
ColorBordes,C,480000,21273460,21273460
ColorBordes,C,480000,22660898,22660898
ColorBordes,C,480000,26107920,26107920
ColorBordes,C,480000,21694176,21694176
ColorBordes,C,480000,20919656,20919656
ColorBordes,C,480000,21695978,21695978
ColorBordes,C,480000,26356664,26356664
ColorBordes,C,480000,24911562,24911562
ColorBordes,C,480000,21922078,21922078
ColorBordes,C,480000,24816634,24816634
ColorBordes,C,480000,21843368,21843368
ColorBordes,C,480000,23608852,23608852
ColorBordes,C,480000,21576876,21576876
ColorBordes,C,480000,26111116,26111116
ColorBordes,C,480000,25044094,25044094
ColorBordes,C,480000,20859136,20859136
ColorBordes,C,480000,24290858,24290858
ColorBordes,C,480000,22568316,22568316
ColorBordes,C,480000,25341934,25341934
ColorBordes,C,480000,22151306,22151306
ColorBordes,C,480000,24977828,24977828
ColorBordes,C,480000,25715560,25715560
ColorBordes,C,480000,22756608,22756608
ColorBordes,C,480000,28408156,28408156
ColorBordes,C,480000,21250102,21250102
ColorBordes,C,480000,22398826,22398826
ColorBordes,C,480000,22242494,22242494
ColorBordes,C,480000,26473624,26473624
ColorBordes,C,480000,22235422,22235422
ColorBordes,C,480000,21806240,21806240
ColorBordes,C,480000,23155938,23155938
ColorBordes,C,480000,25539882,25539882
ColorBordes,C,480000,21819228,21819228
ColorBordes,C,480000,20994286,20994286
ColorBordes,C,480000,22829096,22829096
ColorBordes,C,480000,21782542,21782542
ColorBordes,C,480000,21543250,21543250
ColorBordes,C,480000,21284204,21284204
ColorBordes,C,480000,26308962,26308962
ColorBordes,C,480000,22054304,22054304
ColorBordes,C,480000,21889336,21889336
ColorBordes,C,480000,21048074,21048074
ColorBordes,C,480000,23408456,23408456
ColorBordes,C,480000,23483018,23483018
ColorBordes,C,480000,22583038,22583038
ColorBordes,C,480000,23619800,23619800
ColorBordes,C,480000,22334192,22334192
ColorBordes,C,480000,22719208,22719208
ColorBordes,C,480000,21899502,21899502
ColorBordes,C,480000,24770156,24770156
ColorBordes,C,480000,21414288,21414288
ColorBordes,C,480000,23441708,23441708
ColorBordes,C,480000,22161336,22161336
ColorBordes,C,480000,23178582,23178582
ColorBordes,C,480000,23088890,23088890
ColorBordes,C,480000,23922706,23922706
ColorBordes,C,480000,23076548,23076548
ColorBordes,C,480000,23164302,23164302
ColorBordes,C,480000,23419472,23419472
ColorBordes,C,480000,21512786,21512786
ColorBordes,C,480000,28245466,28245466
ColorBordes,C,480000,22045838,22045838
ColorBordes,C,480000,22870576,22870576
ColorBordes,C,480000,28769338,28769338
ColorBordes,C,480000,21540564,21540564
ColorBordes,C,480000,23213670,23213670
ColorBordes,C,480000,22759328,22759328
ColorBordes,C,480000,24154586,24154586
ColorBordes,C,480000,22358638,22358638
ColorBordes,C,480000,22349696,22349696
ColorBordes,C,480000,22942996,22942996
ColorBordes,C,480000,22072528,22072528
ColorBordes,C,480000,24054218,24054218
ColorBordes,C,480000,24536916,24536916
ColorBordes,C,480000,26109008,26109008
ColorBordes,C,480000,21388176,21388176
ColorBordes,C,480000,24759718,24759718
ColorBordes,C,480000,26308316,26308316
ColorBordes,C,480000,21245682,21245682
ColorBordes,C,480000,21685438,21685438
ColorBordes,C,480000,21335476,21335476
ColorBordes,C,480000,21715290,21715290
ColorBordes,C,480000,21568852,21568852
ColorBordes,C,480000,21669934,21669934
ColorBordes,C,480000,21312288,21312288
ColorBordes,C,480000,28472688,28472688
ColorBordes,C,480000,22654064,22654064
ColorBordes,C,480000,21387054,21387054
ColorBordes,C,480000,25495580,25495580
ColorBordes,C,480000,22620812,22620812
ColorBordes,C,480000,26964924,26964924
ColorBordes,C,480000,22269524,22269524
ColorBordes,C,480000,23038910,23038910
ColorBordes,C,480000,23276434,23276434
ColorBordes,C,480000,23575260,23575260
ColorBordes,C,480000,23337532,23337532
ColorBordes,C,480000,21861422,21861422
ColorBordes,C,480000,22109350,22109350
ColorBordes,C,480000,23103408,23103408
ColorBordes,C,480000,25745412,25745412
ColorBordes,C,480000,22211180,22211180
ColorBordes,C,480000,21246532,21246532
ColorBordes,C,480000,21014958,21014958
ColorBordes,C,480000,24270288,24270288
ColorBordes,C,480000,22615814,22615814
ColorBordes,C,480000,21909396,21909396
ColorBordes,C,480000,21838744,21838744
ColorBordes,C,480000,22867992,22867992
ColorBordes,C,480000,21471952,21471952
ColorBordes,C,480000,21586090,21586090
ColorBordes,C,480000,21758640,21758640
ColorBordes,C,480000,22204040,22204040
ColorBordes,C,480000,21845918,21845918
ColorBordes,C,480000,21556238,21556238
ColorBordes,C,480000,26418442,26418442
ColorBordes,C,480000,22909506,22909506
ColorBordes,C,480000,22231070,22231070
ColorBordes,C,480000,23214826,23214826
ColorBordes,C,480000,23213738,23213738
ColorBordes,C,480000,21159934,21159934
ColorBordes,C,480000,22145764,22145764
ColorBordes,C,480000,22863368,22863368
ColorBordes,C,480000,22059030,22059030
ColorBordes,C,480000,22031014,22031014
ColorBordes,C,480000,22046892,22046892
ColorBordes,C,480000,22022514,22022514
ColorBordes,C,480000,22816040,22816040
ColorBordes,C,480000,21601390,21601390
ColorBordes,C,480000,21634676,21634676
ColorBordes,C,480000,25909360,25909360
ColorBordes,C,480000,22612040,22612040
ColorBordes,C,480000,21844456,21844456
ColorBordes,C,480000,22566718,22566718
ColorBordes,C,480000,22856296,22856296
ColorBordes,C,480000,22235558,22235558
ColorBordes,C,480000,23109256,23109256
ColorBordes,C,480000,26403482,26403482
ColorBordes,C,480000,21882128,21882128
ColorBordes,C,480000,21839288,21839288
ColorBordes,C,480000,21284476,21284476
ColorBordes,C,480000,21729944,21729944
ColorBordes,C,480000,21582316,21582316
ColorBordes,C,480000,21451858,21451858
ColorBordes,C,480000,25903648,25903648
ColorBordes,C,480000,22075384,22075384
ColorBordes,C,480000,23395366,23395366
ColorBordes,C,480000,23259706,23259706
ColorBordes,C,480000,27647304,27647304
ColorBordes,C,480000,23724520,23724520
ColorBordes,C,480000,22506538,22506538
ColorBordes,C,480000,23057780,23057780
ColorBordes,C,480000,22351600,22351600
ColorBordes,C,480000,22872990,22872990
ColorBordes,C,480000,23221490,23221490
ColorBordes,C,480000,27399852,27399852
ColorBordes,C,480000,23253144,23253144
ColorBordes,C,480000,24439812,24439812
ColorBordes,C,480000,26580180,26580180
ColorBordes,C,480000,23554656,23554656
ColorBordes,C,480000,23998968,23998968
ColorBordes,C,480000,23836210,23836210
ColorBordes,C,480000,27086100,27086100
ColorBordes,C,480000,23797518,23797518
ColorBordes,C,480000,22585622,22585622
ColorBordes,C,480000,26760380,26760380
ColorBordes,C,480000,22604288,22604288
ColorBordes,C,480000,21197946,21197946
ColorBordes,C,480000,21770438,21770438
ColorBordes,C,480000,25448150,25448150
ColorBordes,C,480000,22162220,22162220
ColorBordes,C,480000,21323236,21323236
ColorBordes,C,480000,23777934,23777934
ColorBordes,C,480000,25322996,25322996
ColorBordes,C,480000,22614522,22614522
ColorBordes,C,480000,22609694,22609694
ColorBordes,C,480000,23618474,23618474
ColorBordes,C,480000,24918770,24918770
ColorBordes,C,480000,22124378,22124378
ColorBordes,C,480000,23672330,23672330
ColorBordes,C,480000,22459550,22459550
ColorBordes,C,480000,23568120,23568120
ColorBordes,C,480000,20998366,20998366
ColorBordes,C,480000,23383670,23383670
ColorBordes,C,480000,22045430,22045430
ColorBordes,C,480000,22759906,22759906
ColorBordes,C,480000,22184184,22184184
ColorBordes,C,480000,23333384,23333384
ColorBordes,C,480000,24227482,24227482
ColorBordes,C,480000,23549862,23549862
ColorBordes,C,480000,24518488,24518488
ColorBordes,C,480000,23437560,23437560
ColorBordes,C,480000,24064860,24064860
ColorBordes,C,480000,21705294,21705294
ColorBordes,C,480000,23730674,23730674
ColorBordes,C,480000,23571826,23571826
ColorBordes,C,480000,23853754,23853754
ColorBordes,C,480000,24254682,24254682
ColorBordes,C,480000,25313782,25313782
ColorBordes,C,480000,22945750,22945750
ColorBordes,C,480000,21673708,21673708
ColorBordes,C,480000,26401034,26401034
ColorBordes,C,480000,22327256,22327256
ColorBordes,C,480000,21688362,21688362
ColorBordes,C,480000,22143758,22143758
ColorBordes,C,480000,21332620,21332620
ColorBordes,C,480000,23684196,23684196
ColorBordes,C,480000,23035272,23035272
ColorBordes,C,480000,29401806,29401806
ColorBordes,C,480000,24715008,24715008
ColorBordes,C,480000,23417432,23417432
ColorBordes,C,480000,22322360,22322360
ColorBordes,C,480000,21287774,21287774
ColorBordes,C,480000,22391550,22391550
ColorBordes,C,1920000,108963846,108963846
ColorBordes,C,1920000,101887494,101887494
ColorBordes,C,1920000,97760574,97760574
ColorBordes,C,1920000,96860798,96860798
ColorBordes,C,1920000,99431912,99431912
ColorBordes,C,1920000,100519062,100519062
ColorBordes,C,1920000,98671944,98671944
ColorBordes,C,1920000,96238598,96238598
ColorBordes,C,1920000,98898010,98898010
ColorBordes,C,1920000,99673856,99673856
ColorBordes,C,1920000,99888124,99888124
ColorBordes,C,1920000,97789780,97789780
ColorBordes,C,1920000,84367736,84367736
ColorBordes,C,1920000,94827428,94827428
ColorBordes,C,1920000,85618800,85618800
ColorBordes,C,1920000,85172312,85172312
ColorBordes,C,1920000,88006076,88006076
ColorBordes,C,1920000,83542692,83542692
ColorBordes,C,1920000,85325516,85325516
ColorBordes,C,1920000,84836154,84836154
ColorBordes,C,1920000,87902478,87902478
ColorBordes,C,1920000,82260110,82260110
ColorBordes,C,1920000,85856528,85856528
ColorBordes,C,1920000,89250714,89250714
ColorBordes,C,1920000,88109232,88109232
ColorBordes,C,1920000,90079668,90079668
ColorBordes,C,1920000,87531062,87531062
ColorBordes,C,1920000,87290308,87290308
ColorBordes,C,1920000,86386860,86386860
ColorBordes,C,1920000,88128544,88128544
ColorBordes,C,1920000,95154678,95154678
ColorBordes,C,1920000,90147464,90147464
ColorBordes,C,1920000,88578738,88578738
ColorBordes,C,1920000,87344164,87344164
ColorBordes,C,1920000,84132898,84132898
ColorBordes,C,1920000,87357492,87357492
ColorBordes,C,1920000,96115484,96115484
ColorBordes,C,1920000,85191522,85191522
ColorBordes,C,1920000,87560302,87560302
ColorBordes,C,1920000,86001776,86001776
ColorBordes,C,1920000,84902590,84902590
ColorBordes,C,1920000,88107090,88107090
ColorBordes,C,1920000,84339312,84339312
ColorBordes,C,1920000,87312578,87312578
ColorBordes,C,1920000,85948838,85948838
ColorBordes,C,1920000,85370022,85370022
ColorBordes,C,1920000,89249116,89249116
ColorBordes,C,1920000,85716074,85716074
ColorBordes,C,1920000,85128996,85128996
ColorBordes,C,1920000,86112990,86112990
ColorBordes,C,1920000,87529940,87529940
ColorBordes,C,1920000,91738766,91738766
ColorBordes,C,1920000,92297454,92297454
ColorBordes,C,1920000,93793998,93793998
ColorBordes,C,1920000,88689952,88689952
ColorBordes,C,1920000,87026298,87026298
ColorBordes,C,1920000,87180862,87180862
ColorBordes,C,1920000,86463428,86463428
ColorBordes,C,1920000,85883728,85883728
ColorBordes,C,1920000,89786350,89786350
ColorBordes,C,1920000,87603448,87603448
ColorBordes,C,1920000,85438022,85438022
ColorBordes,C,1920000,87533272,87533272
ColorBordes,C,1920000,86103504,86103504
ColorBordes,C,1920000,85185028,85185028
ColorBordes,C,1920000,89466614,89466614
ColorBordes,C,1920000,86000416,86000416
ColorBordes,C,1920000,103485970,103485970
ColorBordes,C,1920000,101472286,101472286
ColorBordes,C,1920000,100665160,100665160
ColorBordes,C,1920000,101050278,101050278
ColorBordes,C,1920000,92048880,92048880
ColorBordes,C,1920000,98673066,98673066
ColorBordes,C,1920000,98929732,98929732
ColorBordes,C,1920000,98720530,98720530
ColorBordes,C,1920000,100236386,100236386
ColorBordes,C,1920000,99756102,99756102
ColorBordes,C,1920000,86829948,86829948
ColorBordes,C,1920000,100793000,100793000
ColorBordes,C,1920000,101419382,101419382
ColorBordes,C,1920000,99620816,99620816
ColorBordes,C,1920000,100155296,100155296
ColorBordes,C,1920000,92132588,92132588
ColorBordes,C,1920000,98237220,98237220
ColorBordes,C,1920000,96892826,96892826
ColorBordes,C,1920000,100670430,100670430
ColorBordes,C,1920000,98209204,98209204
ColorBordes,C,1920000,99969078,99969078
ColorBordes,C,1920000,83399416,83399416
ColorBordes,C,1920000,99286902,99286902
ColorBordes,C,1920000,97942746,97942746
ColorBordes,C,1920000,98559540,98559540
ColorBordes,C,1920000,101306604,101306604
ColorBordes,C,1920000,95185142,95185142
ColorBordes,C,1920000,89875192,89875192
ColorBordes,C,1920000,96568194,96568194
ColorBordes,C,1920000,89827320,89827320
ColorBordes,C,1920000,92586896,92586896
ColorBordes,C,1920000,88591454,88591454
ColorBordes,C,1920000,85271728,85271728
ColorBordes,C,1920000,87904586,87904586
ColorBordes,C,1920000,85152014,85152014
ColorBordes,C,1920000,87909142,87909142
ColorBordes,C,1920000,89945878,89945878
ColorBordes,C,1920000,88805790,88805790
ColorBordes,C,1920000,89829462,89829462
ColorBordes,C,1920000,85910962,85910962
ColorBordes,C,1920000,86215126,86215126
ColorBordes,C,1920000,90971046,90971046
ColorBordes,C,1920000,91061486,91061486
ColorBordes,C,1920000,87005456,87005456
ColorBordes,C,1920000,90215668,90215668
ColorBordes,C,1920000,94892912,94892912
ColorBordes,C,1920000,86180718,86180718
ColorBordes,C,1920000,90534996,90534996
ColorBordes,C,1920000,88828230,88828230
ColorBordes,C,1920000,93204268,93204268
ColorBordes,C,1920000,88795080,88795080
ColorBordes,C,1920000,90988080,90988080
ColorBordes,C,1920000,88895550,88895550
ColorBordes,C,1920000,92250942,92250942
ColorBordes,C,1920000,92780322,92780322
ColorBordes,C,1920000,88281646,88281646
ColorBordes,C,1920000,92697226,92697226
ColorBordes,C,1920000,92393878,92393878
ColorBordes,C,1920000,88859680,88859680
ColorBordes,C,1920000,90117204,90117204
ColorBordes,C,1920000,89572490,89572490
ColorBordes,C,1920000,101447296,101447296
ColorBordes,C,1920000,98852450,98852450
ColorBordes,C,1920000,84529134,84529134
ColorBordes,C,1920000,99159980,99159980
ColorBordes,C,1920000,99861672,99861672
ColorBordes,C,1920000,102268430,102268430
ColorBordes,C,1920000,90116320,90116320
ColorBordes,C,1920000,89204916,89204916
ColorBordes,C,1920000,84087100,84087100
ColorBordes,C,1920000,84850876,84850876
ColorBordes,C,1920000,84597168,84597168
ColorBordes,C,1920000,87962148,87962148
ColorBordes,C,1920000,91356674,91356674
ColorBordes,C,1920000,83453000,83453000
ColorBordes,C,1920000,87962726,87962726
ColorBordes,C,1920000,87163760,87163760
ColorBordes,C,1920000,87830636,87830636
ColorBordes,C,1920000,86706290,86706290
ColorBordes,C,1920000,85674560,85674560
ColorBordes,C,1920000,87140538,87140538
ColorBordes,C,1920000,88331150,88331150
ColorBordes,C,1920000,94519218,94519218
ColorBordes,C,1920000,91957046,91957046
ColorBordes,C,1920000,91423926,91423926
ColorBordes,C,1920000,87647716,87647716
ColorBordes,C,1920000,86697552,86697552
ColorBordes,C,1920000,86871530,86871530
ColorBordes,C,1920000,89580786,89580786
ColorBordes,C,1920000,89728380,89728380
ColorBordes,C,1920000,86941910,86941910
ColorBordes,C,1920000,85897430,85897430
ColorBordes,C,1920000,84709810,84709810
ColorBordes,C,1920000,83910402,83910402
ColorBordes,C,1920000,90343406,90343406
ColorBordes,C,1920000,89527780,89527780
ColorBordes,C,1920000,87551700,87551700
ColorBordes,C,1920000,88856246,88856246
ColorBordes,C,1920000,92749416,92749416
ColorBordes,C,1920000,91278474,91278474
ColorBordes,C,1920000,91850286,91850286
ColorBordes,C,1920000,85674730,85674730
ColorBordes,C,1920000,83969528,83969528
ColorBordes,C,1920000,81656882,81656882
ColorBordes,C,1920000,82347082,82347082
ColorBordes,C,1920000,83507060,83507060
ColorBordes,C,1920000,86622276,86622276
ColorBordes,C,1920000,86379108,86379108
ColorBordes,C,1920000,88275220,88275220
ColorBordes,C,1920000,88727012,88727012
ColorBordes,C,1920000,86995222,86995222
ColorBordes,C,1920000,86929194,86929194
ColorBordes,C,1920000,87615042,87615042
ColorBordes,C,1920000,94798800,94798800
ColorBordes,C,1920000,88500946,88500946
ColorBordes,C,1920000,93435944,93435944
ColorBordes,C,1920000,90925656,90925656
ColorBordes,C,1920000,83612732,83612732
ColorBordes,C,1920000,86485596,86485596
ColorBordes,C,1920000,85682822,85682822
ColorBordes,C,1920000,89203522,89203522
ColorBordes,C,1920000,88134970,88134970
ColorBordes,C,1920000,91491926,91491926
ColorBordes,C,1920000,89271046,89271046
ColorBordes,C,1920000,91631360,91631360
ColorBordes,C,1920000,89062116,89062116
ColorBordes,C,1920000,87669204,87669204
ColorBordes,C,1920000,85298044,85298044
ColorBordes,C,1920000,89352340,89352340
ColorBordes,C,1920000,86683306,86683306
ColorBordes,C,1920000,90645802,90645802
ColorBordes,C,1920000,89012306,89012306
ColorBordes,C,1920000,87256240,87256240
ColorBordes,C,1920000,85895662,85895662
ColorBordes,C,1920000,86551760,86551760
ColorBordes,C,1920000,85808316,85808316
ColorBordes,C,1920000,89054058,89054058
ColorBordes,C,1920000,86587596,86587596
ColorBordes,C,1920000,90755418,90755418
ColorBordes,C,1920000,84907894,84907894
ColorBordes,C,1920000,91652712,91652712
ColorBordes,C,1920000,85920040,85920040
ColorBordes,C,1920000,89133890,89133890
ColorBordes,C,1920000,94285978,94285978
ColorBordes,C,1920000,90038902,90038902
ColorBordes,C,1920000,89359446,89359446
ColorBordes,C,1920000,88830712,88830712
ColorBordes,C,1920000,87531810,87531810
ColorBordes,C,1920000,85375666,85375666
ColorBordes,C,1920000,85354688,85354688
ColorBordes,C,1920000,89551852,89551852
ColorBordes,C,1920000,92957156,92957156
ColorBordes,C,1920000,86387404,86387404
ColorBordes,C,1920000,84969978,84969978
ColorBordes,C,1920000,86701530,86701530
ColorBordes,C,1920000,87457554,87457554
ColorBordes,C,1920000,88249346,88249346
ColorBordes,C,1920000,85980934,85980934
ColorBordes,C,1920000,86250112,86250112
ColorBordes,C,1920000,87732240,87732240
ColorBordes,C,1920000,85305864,85305864
ColorBordes,C,1920000,89290664,89290664
ColorBordes,C,1920000,86042066,86042066
ColorBordes,C,1920000,87225946,87225946
ColorBordes,C,1920000,86378394,86378394
ColorBordes,C,1920000,86270750,86270750
ColorBordes,C,1920000,88035486,88035486
ColorBordes,C,1920000,87713404,87713404
ColorBordes,C,1920000,91426340,91426340
ColorBordes,C,1920000,89756498,89756498
ColorBordes,C,1920000,85764320,85764320
ColorBordes,C,1920000,86205742,86205742
ColorBordes,C,1920000,85826404,85826404
ColorBordes,C,1920000,91460918,91460918
ColorBordes,C,1920000,85273394,85273394
ColorBordes,C,1920000,93707638,93707638
ColorBordes,C,1920000,86504806,86504806
ColorBordes,C,1920000,86389308,86389308
ColorBordes,C,1920000,89351694,89351694
ColorBordes,C,1920000,86155762,86155762
ColorBordes,C,1920000,91206666,91206666
ColorBordes,C,1920000,85009792,85009792
ColorBordes,C,1920000,86575526,86575526
ColorBordes,C,1920000,85853502,85853502
ColorBordes,C,1920000,84738812,84738812
ColorBordes,C,1920000,85968014,85968014
ColorBordes,C,1920000,84268490,84268490
ColorBordes,C,1920000,88926184,88926184
ColorBordes,C,1920000,92026508,92026508
ColorBordes,C,1920000,94175342,94175342
ColorBordes,C,1920000,91962384,91962384
ColorBordes,C,1920000,94258336,94258336
ColorBordes,C,1920000,90045804,90045804
ColorBordes,C,1920000,89663882,89663882
ColorBordes,C,1920000,89357644,89357644
ColorBordes,C,1920000,89942376,89942376
ColorBordes,C,1920000,89232388,89232388
ColorBordes,C,1920000,83360962,83360962
ColorBordes,C,1920000,82473596,82473596
ColorBordes,C,1920000,83856002,83856002
ColorBordes,C,1920000,82659406,82659406
ColorBordes,C,1920000,87194292,87194292
ColorBordes,C,1920000,86219308,86219308
ColorBordes,C,1920000,87735606,87735606
ColorBordes,C,1920000,85969714,85969714
ColorBordes,C,1920000,85966110,85966110
ColorBordes,C,1920000,88269134,88269134
ColorBordes,C,1920000,93795800,93795800
ColorBordes,C,1920000,92590738,92590738
ColorBordes,C,1920000,89013190,89013190
ColorBordes,C,1920000,92788890,92788890
ColorBordes,C,1920000,91654412,91654412
ColorBordes,C,1920000,88621000,88621000
ColorBordes,C,1920000,90148348,90148348
ColorBordes,C,1920000,88541066,88541066
ColorBordes,C,1920000,90536492,90536492
ColorBordes,C,1920000,92823842,92823842
ColorBordes,C,1920000,90321136,90321136
ColorBordes,C,1920000,84686044,84686044
ColorBordes,C,1920000,86126012,86126012
ColorBordes,C,1920000,89479364,89479364
ColorBordes,C,1920000,87416448,87416448
ColorBordes,C,1920000,91435214,91435214
ColorBordes,C,1920000,92331454,92331454
ColorBordes,C,1920000,89080714,89080714
ColorBordes,C,1920000,92658636,92658636
ColorBordes,C,1920000,89792980,89792980
ColorBordes,C,1920000,92870082,92870082
ColorBordes,C,1920000,84614780,84614780
ColorBordes,C,1920000,97298004,97298004
ColorBordes,C,1920000,95623300,95623300
ColorBordes,C,1920000,97996976,97996976
ColorBordes,C,1920000,97403200,97403200
